hour_key,wiper_on,wiper_off,wiper_total,rain_ratio,is_rainy,avg_temp,min_temp,max_temp,is_cold,is_freezing
2022-09-27 13,0,0,1,0.0,False,13.227272727272727,12.5,13.5,False,False
2022-09-27 14,0,1,1,0.0,False,13.1875,12.5,14.0,False,False
2022-09-27 16,0,0,0,,False,14.666666666666666,14.5,15.0,False,False
2022-09-27 18,4,5,9,0.4444444444444444,True,10.270491803278688,9.0,12.5,False,False
2022-09-27 19,12,7,24,0.5,True,13.464788732394366,8.0,22.0,False,False
2022-09-27 20,556,437,1221,0.45536445536445536,True,12.735528775537455,8.0,23.5,False,False
2022-09-27 21,270,197,562,0.4804270462633452,True,12.848419735625306,8.5,22.5,False,False
2022-09-27 22,592,534,1239,0.4778046811945117,True,12.532792959703567,8.0,21.0,False,False
2022-09-27 23,307,284,692,0.4436416184971098,True,12.22278713118853,9.0,22.5,False,False
2022-09-28 00,191,181,434,0.4400921658986175,True,12.207012487992316,10.5,21.5,False,False
2022-09-28 01,75,65,189,0.3968253968253968,True,12.259941520467835,9.0,20.5,False,False
2022-09-28 02,55,50,150,0.36666666666666664,True,12.039003759398497,9.0,20.5,False,False
2022-09-28 03,15,11,39,0.38461538461538464,True,12.919063733784546,9.0,18.5,False,False
2022-09-28 04,67,44,179,0.3743016759776536,True,12.182439537329127,9.5,25.0,False,False
2022-09-28 05,163,114,390,0.41794871794871796,True,12.020334412081985,9.0,21.0,False,False
2022-09-28 06,486,366,1101,0.44141689373297005,True,12.149354327140916,8.5,21.0,False,False
2022-09-28 07,1006,763,2356,0.42699490662139217,True,12.329069678113237,8.5,22.0,False,False
2022-09-28 08,1331,1049,2848,0.46734550561797755,True,12.632635021145802,9.5,28.0,False,False
2022-09-28 09,1433,1163,2845,0.5036906854130053,True,12.760467697489284,10.0,22.0,False,False
2022-09-28 10,1432,1179,3024,0.47354497354497355,True,13.210636802124627,10.5,35.0,False,False
2022-09-28 11,1212,923,2412,0.5024875621890548,True,13.585387986793583,10.5,28.0,False,False
2022-09-28 12,927,623,1768,0.5243212669683258,True,14.048210190447701,10.5,33.5,False,False
2022-09-28 13,349,102,603,0.5787728026533997,True,14.444010489315405,11.0,36.0,False,False
2022-09-28 14,327,95,521,0.6276391554702495,True,14.324547921912298,11.0,44.0,False,False
2022-09-28 15,498,140,725,0.6868965517241379,True,13.876282717779485,10.5,36.0,False,False
2022-09-28 16,488,94,691,0.7062228654124457,True,13.685091352910717,10.5,35.5,False,False
2022-09-28 17,449,76,603,0.7446102819237148,True,13.520095045978264,9.5,37.0,False,False
2022-09-28 18,287,25,367,0.782016348773842,True,13.349088757058924,9.0,28.5,False,False
2022-09-28 19,253,15,315,0.8031746031746032,True,13.033268170076102,9.0,25.0,False,False
2022-09-28 20,144,11,201,0.7164179104477612,True,12.827577289966671,8.5,26.0,False,False
2022-09-28 21,82,2,108,0.7592592592592593,True,12.669475856731307,8.5,40.0,False,False
2022-09-28 22,41,0,45,0.9111111111111111,True,12.535399905347846,8.0,26.5,False,False
2022-09-28 23,28,1,35,0.8,True,12.358900973096738,9.5,23.0,False,False
2022-09-29 00,5,0,8,0.625,True,12.765783320342946,10.5,24.5,False,False
2022-09-29 01,1,0,1,1.0,True,12.278409090909092,10.0,18.5,False,False
2022-09-29 02,5,0,6,0.8333333333333334,True,11.480244252873563,9.5,21.0,False,False
2022-09-29 03,2,0,5,0.4,True,11.421102661596958,9.5,15.0,False,False
2022-09-29 04,11,0,14,0.7857142857142857,True,10.934682744760265,7.5,18.5,False,False
2022-09-29 05,26,5,38,0.6842105263157895,True,10.264758497316636,7.0,18.0,False,False
2022-09-29 06,120,20,181,0.6629834254143646,True,9.963963315086911,6.5,21.0,False,False
2022-09-29 07,255,24,340,0.75,True,10.032036214052228,6.5,23.0,False,False
2022-09-29 08,207,8,228,0.9078947368421053,True,10.573616039133281,7.5,19.5,False,False
2022-09-29 09,155,1,184,0.842391304347826,True,11.698680916618525,9.0,29.5,False,False
2022-09-29 10,143,8,174,0.8218390804597702,True,13.194251005880533,8.0,27.5,False,False
2022-09-29 11,167,3,189,0.8835978835978836,True,13.850974553329724,8.0,25.0,False,False
2022-09-29 12,220,8,257,0.8560311284046692,True,14.724962738593202,10.0,28.5,False,False
2022-09-29 13,172,7,200,0.86,True,15.779950259286696,11.0,33.5,False,False
2022-09-29 14,200,6,231,0.8658008658008658,True,16.39995019018294,10.5,33.0,False,False
2022-09-29 15,207,5,246,0.8414634146341463,True,16.722328812437976,11.5,33.5,False,False
2022-09-29 16,41,1,47,0.8723404255319149,True,16.892946317103622,12.5,34.5,False,False
2022-09-29 17,437,17,550,0.7945454545454546,True,15.931545675787975,2.0,32.5,False,False
2022-09-29 18,332,27,451,0.7361419068736141,True,14.688198840621892,8.0,34.0,False,False
2022-09-29 19,219,22,307,0.7133550488599348,True,12.22066399033679,6.0,55.0,False,False
2022-09-29 20,143,22,200,0.715,True,10.35323226472588,5.0,35.5,False,False
2022-09-29 21,72,8,97,0.7422680412371134,True,9.340433615318373,4.0,22.0,False,False
2022-09-29 22,42,7,64,0.65625,True,8.554362416107383,4.0,21.0,False,False
2022-09-29 23,49,24,88,0.5568181818181818,True,7.699986645299146,3.5,25.0,False,False
2022-09-30 00,7,3,18,0.3888888888888889,True,7.211042765084945,3.5,20.5,False,False
2022-09-30 01,13,8,38,0.34210526315789475,True,6.504,2.5,17.0,False,False
2022-09-30 02,4,3,10,0.4,True,5.76152353226589,3.0,17.5,False,False
2022-09-30 03,9,6,19,0.47368421052631576,True,5.034217608612073,1.5,16.0,False,False
2022-09-30 04,33,26,76,0.4342105263157895,True,4.455623565416985,1.0,17.5,True,False
2022-09-30 05,101,75,255,0.396078431372549,True,4.812936094805626,0.5,20.5,True,False
2022-09-30 06,322,253,793,0.4060529634300126,True,4.657469771971111,0.0,20.5,True,False
2022-09-30 07,652,501,1853,0.35186184565569345,True,5.001314372401653,-0.5,19.0,False,False
2022-09-30 08,487,281,1139,0.42756804214223004,True,7.06479075036652,0.5,24.0,False,False
2022-09-30 09,283,96,486,0.5823045267489712,True,10.261939383321653,2.0,26.0,False,False
2022-09-30 10,212,29,286,0.7412587412587412,True,13.071234966972513,2.0,26.5,False,False
2022-09-30 11,200,10,245,0.8163265306122449,True,14.834179658982137,5.5,31.0,False,False
2022-09-30 12,233,22,315,0.7396825396825397,True,16.293594188759837,9.5,42.5,False,False
2022-09-30 13,209,15,254,0.8228346456692913,True,17.42605648848438,10.5,34.5,False,False
2022-09-30 14,244,15,294,0.8299319727891157,True,18.086460100853188,11.5,38.5,False,False
2022-09-30 15,271,7,320,0.846875,True,18.366524997846252,11.5,35.0,False,False
2022-09-30 16,299,19,375,0.7973333333333333,True,18.22526286915973,11.0,40.5,False,False
2022-09-30 17,245,10,301,0.813953488372093,True,17.419407700958605,12.0,44.5,False,False
2022-09-30 18,214,17,277,0.7725631768953068,True,15.96542212518195,9.5,38.5,False,False
2022-09-30 19,173,12,226,0.7654867256637168,True,14.330241187384045,8.5,34.0,False,False
2022-09-30 20,88,4,117,0.7521367521367521,True,13.137698881960869,8.0,24.5,False,False
2022-09-30 21,79,4,109,0.7247706422018348,True,12.34109933948074,7.0,31.5,False,False
2022-09-30 22,50,6,81,0.6172839506172839,True,11.603483030189388,6.5,33.5,False,False
2022-09-30 23,36,8,52,0.6923076923076923,True,10.949878536724778,6.5,26.5,False,False
2022-10-01 00,17,5,31,0.5483870967741935,True,10.290272320823737,6.0,20.5,False,False
2022-10-01 01,19,3,26,0.7307692307692307,True,10.038401775804662,5.5,21.0,False,False
2022-10-01 02,9,3,14,0.6428571428571429,True,9.561641745498932,5.5,26.0,False,False
2022-10-01 03,18,8,30,0.6,True,9.18921981223697,6.0,22.5,False,False
2022-10-01 04,8,5,13,0.6153846153846154,True,8.45573476702509,5.0,17.5,False,False
2022-10-01 05,26,18,53,0.49056603773584906,True,9.003199146894161,6.0,18.5,False,False
2022-10-01 06,59,41,138,0.427536231884058,True,9.014436863443093,6.0,21.0,False,False
2022-10-01 07,113,64,258,0.437984496124031,True,9.293443320412216,6.0,21.0,False,False
2022-10-01 08,207,70,374,0.553475935828877,True,10.157030977203572,7.0,27.5,False,False
2022-10-01 09,184,22,269,0.6840148698884758,True,12.167944797426838,7.5,31.0,False,False
2022-10-01 10,206,20,271,0.7601476014760148,True,14.699094546220257,9.5,33.5,False,False
2022-10-01 11,231,11,278,0.8309352517985612,True,16.657724014336917,10.0,30.5,False,False
2022-10-01 12,253,10,300,0.8433333333333334,True,18.028222730739895,12.0,37.0,False,False
2022-10-01 13,230,18,293,0.7849829351535836,True,18.612674404971276,12.5,36.0,False,False
2022-10-01 14,193,15,254,0.7598425196850394,True,18.642888044993512,13.0,34.5,False,False
2022-10-01 15,204,13,252,0.8095238095238095,True,18.347149147013013,13.0,40.0,False,False
2022-10-01 16,189,3,227,0.8325991189427313,True,17.773724231609226,13.0,44.5,False,False
2022-10-01 17,182,7,232,0.7844827586206896,True,17.007759607638054,12.5,45.5,False,False
2022-10-01 18,178,8,214,0.8317757009345794,True,16.019859166073264,11.5,49.5,False,False
2022-10-01 19,125,12,170,0.7352941176470589,True,15.269734759764512,10.5,28.0,False,False
2022-10-01 20,80,7,114,0.7017543859649122,True,14.568404437363546,10.5,33.5,False,False
2022-10-01 21,46,2,55,0.8363636363636363,True,14.493850344628338,11.0,29.0,False,False
2022-10-01 22,40,3,57,0.7017543859649122,True,14.66873309862748,10.5,28.5,False,False
2022-10-01 23,24,1,45,0.5333333333333333,True,14.861115337796713,10.5,37.0,False,False
2022-10-02 00,19,4,29,0.6551724137931034,True,14.750865717583686,11.5,27.5,False,False
2022-10-02 01,11,1,14,0.7857142857142857,True,14.154381829869296,11.0,27.5,False,False
2022-10-02 02,4,0,4,1.0,True,13.424086021505376,9.5,23.5,False,False
2022-10-02 03,4,0,5,0.8,True,13.468520220588236,10.5,22.0,False,False
2022-10-02 04,4,1,5,0.8,True,13.747123360984746,12.0,20.5,False,False
2022-10-02 05,2,0,4,0.5,True,13.108695652173912,10.5,33.5,False,False
2022-10-02 06,22,2,30,0.7333333333333333,True,12.090221047573282,8.5,32.0,False,False
2022-10-02 07,42,0,47,0.8936170212765957,True,11.205613382899628,7.5,20.0,False,False
2022-10-02 08,69,1,90,0.7666666666666667,True,10.596266457064257,8.0,22.5,False,False
2022-10-02 09,148,15,189,0.783068783068783,True,10.644218914105666,7.5,26.5,False,False
2022-10-02 10,156,9,196,0.7959183673469388,True,11.217231702939928,7.5,29.0,False,False
2022-10-02 11,204,8,261,0.7816091954022989,True,12.33273063977277,8.0,27.0,False,False
2022-10-02 12,253,26,353,0.71671388101983,True,13.717489044743031,9.0,42.0,False,False
2022-10-02 13,130,13,172,0.7558139534883721,True,14.536398039047045,10.0,36.0,False,False
2022-10-02 14,112,13,144,0.7777777777777778,True,15.08136803874092,9.5,27.5,False,False
2022-10-02 15,82,7,108,0.7592592592592593,True,14.976715107393925,9.0,30.0,False,False
2022-10-02 16,128,2,168,0.7619047619047619,True,14.643564710510317,9.5,31.5,False,False
2022-10-02 17,163,13,207,0.7874396135265701,True,13.90038776528133,8.5,27.5,False,False
2022-10-02 18,106,12,156,0.6794871794871795,True,12.72824803550344,7.5,35.0,False,False
2022-10-02 19,95,15,137,0.6934306569343066,True,10.667148003229613,5.5,26.5,False,False
2022-10-02 20,58,3,74,0.7837837837837838,True,9.11098304390144,4.0,20.5,False,False
2022-10-02 21,35,6,53,0.660377358490566,True,8.16728023704768,2.5,20.0,False,False
2022-10-02 22,13,5,21,0.6190476190476191,True,7.280336029869321,1.5,20.5,False,False
2022-10-02 23,26,11,47,0.5531914893617021,True,6.810356498194946,2.0,15.5,False,False
2022-10-03 00,4,2,9,0.4444444444444444,True,6.596510359869138,2.0,16.0,False,False
2022-10-03 01,8,5,21,0.38095238095238093,True,6.143717728055077,0.5,10.5,False,False
2022-10-03 02,1,0,3,0.3333333333333333,True,5.014508928571429,0.0,21.5,False,False
2022-10-03 03,1,1,4,0.25,False,3.8866803278688526,0.5,17.0,True,False
2022-10-03 04,30,26,69,0.43478260869565216,True,3.229551451187335,-1.0,16.5,True,False
2022-10-03 05,69,58,183,0.3770491803278688,True,3.210269452845752,-1.0,19.5,True,False
2022-10-03 06,288,224,815,0.35337423312883437,True,3.402436673478043,-2.5,18.0,True,False
2022-10-03 07,659,555,2039,0.32319764590485534,True,3.4358255221787584,-2.0,19.0,True,False
2022-10-03 08,415,270,1094,0.3793418647166362,True,5.572189229087549,-1.0,22.0,False,False
2022-10-03 09,189,64,376,0.5026595744680851,True,9.327224834305783,0.5,26.0,False,False
2022-10-03 10,131,24,185,0.7081081081081081,True,12.222264565446434,4.0,28.5,False,False
2022-10-03 11,121,16,162,0.7469135802469136,True,13.982822643469229,8.0,27.5,False,False
2022-10-03 12,142,12,178,0.797752808988764,True,15.232454619031103,7.0,38.0,False,False
2022-10-03 13,130,10,163,0.7975460122699386,True,16.012008606167754,9.5,38.5,False,False
2022-10-03 14,176,11,220,0.8,True,16.187345415298825,9.5,35.0,False,False
2022-10-03 15,202,17,281,0.7188612099644128,True,15.649937714473745,8.5,30.5,False,False
2022-10-03 16,220,8,272,0.8088235294117647,True,15.014255300785408,10.5,34.5,False,False
2022-10-03 17,217,10,303,0.7161716171617162,True,14.403927553927554,9.0,36.0,False,False
2022-10-03 18,183,15,259,0.7065637065637066,True,12.923623218902183,7.0,27.5,False,False
2022-10-03 19,133,12,177,0.751412429378531,True,11.285016455198393,6.0,28.5,False,False
2022-10-03 20,52,5,66,0.7878787878787878,True,9.90362027951234,4.5,25.5,False,False
2022-10-03 21,23,2,31,0.7419354838709677,True,8.74038643086412,4.0,24.0,False,False
2022-10-03 22,19,1,35,0.5428571428571428,True,7.7553206287383505,3.0,20.5,False,False
2022-10-03 23,15,4,24,0.625,True,7.339882565492322,2.5,16.5,False,False
2022-10-04 00,7,4,11,0.6363636363636364,True,7.070319432120674,3.5,15.5,False,False
2022-10-04 01,8,5,15,0.5333333333333333,True,7.362745098039215,2.5,23.5,False,False
2022-10-04 02,4,2,11,0.36363636363636365,True,5.6518942101501075,3.0,19.5,False,False
2022-10-04 03,4,1,7,0.5714285714285714,True,5.028768699654775,3.0,16.0,False,False
2022-10-04 04,34,27,100,0.34,True,5.008350033400133,2.0,14.0,False,False
2022-10-04 05,91,73,212,0.42924528301886794,True,5.350018425254882,1.5,20.0,False,False
2022-10-04 06,240,177,613,0.3915171288743883,True,5.318535065325124,1.0,20.5,False,False
2022-10-04 07,565,427,1562,0.3617157490396927,True,5.463304896575902,0.5,22.0,False,False
2022-10-04 08,385,237,977,0.3940634595701126,True,6.585416468461611,1.5,23.0,False,False
2022-10-04 09,193,72,355,0.543661971830986,True,9.390507022611814,4.0,30.5,False,False
2022-10-04 10,124,17,180,0.6888888888888889,True,13.04389282173081,5.5,31.0,False,False
2022-10-04 11,173,6,215,0.8046511627906977,True,14.813118094632742,5.5,29.0,False,False
2022-10-04 12,153,5,175,0.8742857142857143,True,16.601444622792936,8.0,31.5,False,False
2022-10-04 13,154,17,197,0.7817258883248731,True,18.010142336519287,11.5,33.5,False,False
2022-10-04 14,183,11,225,0.8133333333333334,True,19.13783849894961,10.0,41.0,False,False
2022-10-04 15,217,11,264,0.821969696969697,True,19.539369287406906,10.0,37.5,False,False
2022-10-04 16,244,17,281,0.8683274021352313,True,18.992881656441178,10.5,36.0,False,False
2022-10-04 17,209,17,273,0.7655677655677655,True,17.773391135014837,9.5,35.5,False,False
2022-10-04 18,155,20,225,0.6888888888888889,True,16.188149831302074,9.5,31.0,False,False
2022-10-04 19,120,5,171,0.7017543859649122,True,13.606453252032521,7.5,31.5,False,False
2022-10-04 20,63,3,91,0.6923076923076923,True,11.525126980389519,6.5,37.5,False,False
2022-10-04 21,38,5,46,0.8260869565217391,True,10.392711771177117,5.0,23.5,False,False
2022-10-04 22,21,4,32,0.65625,True,9.312068782507165,4.0,23.5,False,False
2022-10-04 23,19,13,38,0.5,True,8.32895063259737,2.5,16.5,False,False
2022-10-05 00,1,0,1,1.0,True,7.985401459854015,5.5,16.5,False,False
2022-10-05 01,2,2,5,0.4,True,7.255102040816326,3.0,19.5,False,False
2022-10-05 02,2,0,2,1.0,True,5.8573351278600265,3.0,11.5,False,False
2022-10-05 03,20,18,38,0.5263157894736842,True,5.457577036724357,2.5,17.5,False,False
2022-10-05 04,17,10,42,0.40476190476190477,True,5.22463768115942,1.5,17.5,False,False
2022-10-05 05,86,64,202,0.42574257425742573,True,5.4564462092070976,1.0,20.5,False,False
2022-10-05 06,275,197,733,0.37517053206002726,True,5.725618550981915,0.0,19.0,False,False
2022-10-05 07,527,389,1480,0.3560810810810811,True,6.213476377090281,-0.5,19.5,False,False
2022-10-05 08,342,197,812,0.4211822660098522,True,8.156259141744863,1.0,23.5,False,False
2022-10-05 09,176,52,306,0.5751633986928104,True,11.964816514657345,3.5,26.5,False,False
2022-10-05 10,147,30,207,0.7101449275362319,True,15.526625730871597,6.0,28.5,False,False
2022-10-05 11,136,11,152,0.8947368421052632,True,17.96204460451586,11.0,33.0,False,False
2022-10-05 12,155,11,185,0.8378378378378378,True,19.71873622448204,6.0,35.0,False,False
2022-10-05 13,119,4,151,0.7880794701986755,True,20.832364464547364,13.0,45.5,False,False
2022-10-05 14,172,11,212,0.8113207547169812,True,21.734918259267786,14.0,41.0,False,False
2022-10-05 15,205,15,254,0.8070866141732284,True,21.77399222084768,14.5,43.0,False,False
2022-10-05 16,241,21,320,0.753125,True,21.34305700382343,15.0,38.0,False,False
2022-10-05 17,220,22,336,0.6547619047619048,True,20.444285890529258,13.0,37.5,False,False
2022-10-05 18,200,21,272,0.7352941176470589,True,18.751201581589164,10.5,33.0,False,False
2022-10-05 19,133,10,184,0.7228260869565217,True,16.820876943400062,8.5,33.5,False,False
2022-10-05 20,75,8,105,0.7142857142857143,True,15.872237150039005,9.0,37.0,False,False
2022-10-05 21,39,2,60,0.65,True,14.951734699265987,8.0,38.5,False,False
2022-10-05 22,16,1,20,0.8,True,14.12953629032258,8.0,27.0,False,False
2022-10-05 23,6,2,8,0.75,True,13.84552626860319,6.5,22.5,False,False
2022-10-06 00,8,6,17,0.47058823529411764,True,13.860830860534124,7.0,28.5,False,False
2022-10-06 01,4,3,9,0.4444444444444444,True,12.64878621769773,6.5,32.5,False,False
2022-10-06 02,4,4,12,0.3333333333333333,True,11.853930031803726,5.5,35.0,False,False
2022-10-06 03,23,20,43,0.5348837209302325,True,11.679700162074555,5.0,26.0,False,False
2022-10-06 04,15,11,30,0.5,True,12.02301857180225,4.5,20.5,False,False
2022-10-06 05,37,18,69,0.5362318840579711,True,11.600058962264152,2.5,22.5,False,False
2022-10-06 06,134,79,293,0.45733788395904434,True,11.91883064516129,2.5,23.5,False,False
2022-10-06 07,262,123,575,0.45565217391304347,True,12.411466075281707,3.0,29.0,False,False
2022-10-06 08,233,56,397,0.5869017632241813,True,13.650149396292033,4.5,39.5,False,False
2022-10-06 09,144,34,205,0.7024390243902439,True,15.694068749031159,5.5,27.0,False,False
2022-10-06 10,140,17,180,0.7777777777777778,True,17.7464116935927,8.5,34.5,False,False
2022-10-06 11,125,10,161,0.7763975155279503,True,19.145956625790774,11.5,35.0,False,False
2022-10-06 12,137,8,167,0.8203592814371258,True,20.426118919995353,14.5,42.0,False,False
2022-10-06 13,144,8,181,0.7955801104972375,True,21.074311039748338,14.0,37.5,False,False
2022-10-06 14,232,76,342,0.6783625730994152,True,20.978761036495932,16.0,37.0,False,False
2022-10-06 15,262,81,391,0.670076726342711,True,20.69184755517288,15.5,41.0,False,False
2022-10-06 16,225,13,277,0.8122743682310469,True,20.88841653703829,14.0,39.0,False,False
2022-10-06 17,248,18,336,0.7380952380952381,True,20.07320418985844,15.0,47.5,False,False
2022-10-06 18,172,12,220,0.7818181818181819,True,18.462974247562528,-65534.0,39.0,False,False
2022-10-06 19,119,2,149,0.7986577181208053,True,18.500026808693164,11.5,43.5,False,False
2022-10-06 20,81,7,110,0.7363636363636363,True,17.586075237125556,11.5,33.0,False,False
2022-10-06 21,47,3,56,0.8392857142857143,True,17.253762741270872,9.0,32.0,False,False
2022-10-06 22,22,2,38,0.5789473684210527,True,16.968092277732005,9.0,32.0,False,False
2022-10-06 23,13,2,17,0.7647058823529411,True,16.40990051347882,10.5,22.5,False,False
2022-10-07 00,8,0,8,1.0,True,16.208427672955974,9.5,25.0,False,False
2022-10-07 01,4,3,9,0.4444444444444444,True,15.412068076328005,8.5,35.0,False,False
2022-10-07 02,7,4,13,0.5384615384615384,True,15.265224052087323,9.0,21.0,False,False
2022-10-07 03,4,0,4,1.0,True,15.971062422488632,11.5,31.0,False,False
2022-10-07 04,74,62,146,0.5068493150684932,True,14.019417475728156,11.0,23.0,False,False
2022-10-07 05,503,442,1136,0.44278169014084506,True,12.067184863822607,9.0,22.5,False,False
2022-10-07 06,1245,1089,2807,0.44353402208763804,True,11.697124286739976,9.0,23.5,False,False
2022-10-07 07,1056,892,2851,0.37039635215713784,True,11.515243819706384,8.5,30.5,False,False
2022-10-07 08,499,324,1123,0.44434550311665183,True,11.278647934344137,8.0,35.5,False,False
2022-10-07 09,305,138,617,0.49432739059967584,True,11.48257072748268,8.0,39.0,False,False
2022-10-07 10,223,50,326,0.6840490797546013,True,12.160023321348751,8.0,24.0,False,False
2022-10-07 11,231,46,320,0.721875,True,12.486010329348543,7.5,29.0,False,False
2022-10-07 12,214,16,280,0.7642857142857142,True,12.427049286640726,8.0,29.5,False,False
2022-10-07 13,197,14,263,0.7490494296577946,True,12.481122331879734,7.5,43.0,False,False
2022-10-07 14,263,8,325,0.8092307692307692,True,12.260161696643037,8.0,30.0,False,False
2022-10-07 15,292,15,376,0.776595744680851,True,11.742283318709175,8.0,34.5,False,False
2022-10-07 16,268,11,331,0.8096676737160121,True,11.352582218782064,7.0,38.5,False,False
2022-10-07 17,246,15,298,0.825503355704698,True,11.007891623155999,6.0,27.0,False,False
2022-10-07 18,232,39,304,0.7631578947368421,True,10.620931558101807,6.0,31.5,False,False
2022-10-07 19,355,193,609,0.5829228243021346,True,10.165139190166306,5.0,23.5,False,False
2022-10-07 20,177,66,275,0.6436363636363637,True,9.696048552361935,5.0,21.5,False,False
2022-10-07 21,352,268,644,0.546583850931677,True,9.236762718788297,5.0,25.5,False,False
2022-10-07 22,161,127,344,0.4680232558139535,True,8.667000779596837,3.5,21.5,False,False
2022-10-07 23,46,19,102,0.45098039215686275,True,8.291722802290334,5.0,19.0,False,False
2022-10-08 00,55,37,97,0.5670103092783505,True,7.892391155061118,4.0,26.0,False,False
2022-10-08 01,4,0,11,0.36363636363636365,True,7.1293371886121,3.5,31.0,False,False
2022-10-08 02,5,2,9,0.5555555555555556,True,6.22483989021043,2.0,17.5,False,False
2022-10-08 03,6,3,11,0.5454545454545454,True,5.329749804534793,2.5,15.0,False,False
2022-10-08 04,9,3,14,0.6428571428571429,True,4.688637617209046,2.0,16.5,True,False
2022-10-08 05,9,4,18,0.5,True,5.38176406926407,2.5,18.5,False,False
2022-10-08 06,51,21,83,0.6144578313253012,True,5.782152943732348,3.0,19.5,False,False
2022-10-08 07,91,37,151,0.6026490066225165,True,5.998643761301989,2.0,20.5,False,False
2022-10-08 08,230,110,391,0.5882352941176471,True,6.690622975987718,2.5,20.0,False,False
2022-10-08 09,291,115,494,0.5890688259109311,True,7.948269451494528,3.5,22.5,False,False
2022-10-08 10,284,81,411,0.6909975669099757,True,9.282175804623614,4.5,37.0,False,False
2022-10-08 11,411,187,657,0.6255707762557078,True,10.2634598084352,4.5,32.5,False,False
2022-10-08 12,383,153,587,0.6524701873935264,True,11.071495455516992,5.0,27.0,False,False
2022-10-08 13,329,94,476,0.6911764705882353,True,11.615583394191338,5.0,34.0,False,False
2022-10-08 14,239,31,313,0.7635782747603834,True,11.694517659462308,5.5,27.0,False,False
2022-10-08 15,244,9,285,0.856140350877193,True,11.037477073330296,6.5,36.0,False,False
2022-10-08 16,204,15,273,0.7472527472527473,True,10.493483614551838,6.0,31.0,False,False
2022-10-08 17,187,14,233,0.8025751072961373,True,10.659269463691418,5.0,28.0,False,False
2022-10-08 18,174,10,213,0.8169014084507042,True,10.441418614186142,4.0,30.5,False,False
2022-10-08 19,125,7,189,0.6613756613756614,True,10.120887095170879,2.5,32.0,False,False
2022-10-08 20,89,4,104,0.8557692307692307,True,10.002218154743439,2.5,30.5,False,False
2022-10-08 21,70,6,88,0.7954545454545454,True,9.918780735305596,2.0,33.5,False,False
2022-10-08 22,47,1,59,0.7966101694915254,True,9.759170285503096,3.0,19.5,False,False
2022-10-08 23,26,0,32,0.8125,True,9.40733403412307,3.5,17.0,False,False
2022-10-09 00,15,0,18,0.8333333333333334,True,9.106627842484748,6.0,15.5,False,False
2022-10-09 01,5,0,5,1.0,True,8.834014002333722,6.0,16.5,False,False
2022-10-09 02,4,0,4,1.0,True,8.705352266521027,5.5,19.5,False,False
2022-10-09 03,1,0,2,0.5,True,8.966436637390213,7.0,17.5,False,False
2022-10-09 04,5,0,5,1.0,True,9.492857142857142,4.0,16.5,False,False
2022-10-09 05,7,0,11,0.6363636363636364,True,9.923076923076923,3.0,22.5,False,False
2022-10-09 06,28,6,37,0.7567567567567568,True,10.270663294631566,4.0,22.5,False,False
2022-10-09 07,37,5,60,0.6166666666666667,True,9.668274985038899,1.5,23.5,False,False
2022-10-09 08,82,5,106,0.7735849056603774,True,10.181344696969697,2.5,22.5,False,False
2022-10-09 09,133,10,168,0.7916666666666666,True,11.824274321630115,4.5,39.5,False,False
2022-10-09 10,200,13,236,0.847457627118644,True,13.538693081574658,6.5,41.5,False,False
2022-10-09 11,197,14,265,0.7433962264150943,True,14.5264598423994,7.0,43.0,False,False
2022-10-09 12,201,12,258,0.7790697674418605,True,15.527437259618477,9.0,32.5,False,False
2022-10-09 13,127,1,147,0.8639455782312925,True,15.841433536550625,10.5,28.5,False,False
2022-10-09 14,126,8,151,0.8344370860927153,True,15.80531848208689,10.0,29.0,False,False
2022-10-09 15,109,10,143,0.7622377622377622,True,15.473982992956918,10.0,40.5,False,False
2022-10-09 16,151,0,187,0.8074866310160428,True,15.20937698848846,9.0,31.0,False,False
2022-10-09 17,124,12,166,0.7469879518072289,True,14.930842389110461,10.5,36.5,False,False
2022-10-09 18,107,7,138,0.7753623188405797,True,14.459074994234438,8.5,25.5,False,False
2022-10-09 19,83,16,128,0.6484375,True,14.32418956043956,7.0,33.0,False,False
2022-10-09 20,67,2,84,0.7976190476190477,True,13.901669677078285,4.5,23.5,False,False
2022-10-09 21,32,1,38,0.8421052631578947,True,13.874612789977284,4.0,31.0,False,False
2022-10-09 22,17,0,22,0.7727272727272727,True,13.988529186846801,3.0,27.0,False,False
2022-10-09 23,32,12,53,0.6037735849056604,True,13.332187595478155,5.0,20.5,False,False
2022-10-10 00,25,15,48,0.5208333333333334,True,13.331877729257641,9.5,21.5,False,False
2022-10-10 01,100,89,217,0.4608294930875576,True,11.811058545239502,9.5,23.0,False,False
2022-10-10 02,38,33,85,0.4470588235294118,True,10.617161716171617,9.0,19.5,False,False
2022-10-10 03,9,7,28,0.32142857142857145,True,10.994135802469136,8.5,18.0,False,False
2022-10-10 04,46,39,127,0.36220472440944884,True,10.127770534550196,6.5,23.0,False,False
2022-10-10 05,139,104,310,0.4483870967741935,True,9.994093406593407,4.0,20.0,False,False
2022-10-10 06,218,174,585,0.37264957264957266,True,9.96758459222922,5.5,19.0,False,False
2022-10-10 07,356,269,1009,0.3528245787908821,True,9.773603579175704,4.5,20.0,False,False
2022-10-10 08,305,178,722,0.4224376731301939,True,10.305199238631191,5.0,24.0,False,False
2022-10-10 09,242,107,483,0.5010351966873706,True,11.448670185242678,6.0,31.5,False,False
2022-10-10 10,208,73,354,0.5875706214689266,True,12.4140589720861,8.5,27.0,False,False
2022-10-10 11,178,27,268,0.664179104477612,True,13.409085884823698,9.5,36.0,False,False
2022-10-10 12,186,18,259,0.7181467181467182,True,14.443089537725683,10.0,42.0,False,False
2022-10-10 13,167,13,231,0.7229437229437229,True,15.263086948275395,10.0,33.5,False,False
2022-10-10 14,176,11,240,0.7333333333333333,True,15.790248710070149,11.0,31.0,False,False
2022-10-10 15,193,12,274,0.7043795620437956,True,15.993299481756791,11.0,44.0,False,False
2022-10-10 16,207,15,289,0.7162629757785467,True,15.753967123287671,9.5,30.0,False,False
2022-10-10 17,214,17,284,0.7535211267605634,True,15.144879257810723,10.5,31.0,False,False
2022-10-10 18,157,20,219,0.7168949771689498,True,13.815817497337752,7.5,39.0,False,False
2022-10-10 19,106,14,170,0.6235294117647059,True,11.873603153317891,5.5,37.5,False,False
2022-10-10 20,64,12,112,0.5714285714285714,True,10.602385834109972,4.0,30.0,False,False
2022-10-10 21,46,8,66,0.696969696969697,True,10.092773637793123,3.0,24.5,False,False
2022-10-10 22,28,21,70,0.4,True,9.632837072761586,3.0,21.0,False,False
2022-10-10 23,31,20,71,0.43661971830985913,True,8.845433639947437,4.5,17.5,False,False
2022-10-11 00,6,6,21,0.2857142857142857,False,8.289364118092355,3.0,17.5,False,False
2022-10-11 01,5,3,8,0.625,True,7.368042226487524,2.5,12.5,False,False
2022-10-11 02,0,0,4,0.0,False,6.879061371841155,1.5,14.0,False,False
2022-10-11 03,8,7,15,0.5333333333333333,True,7.221162377994676,3.5,18.0,False,False
2022-10-11 04,22,19,65,0.3384615384615385,True,6.345954073264079,2.5,16.5,False,False
2022-10-11 05,51,35,146,0.3493150684931507,True,7.229789402173913,1.5,20.0,False,False
2022-10-11 06,222,166,606,0.36633663366336633,True,7.919208588104502,0.5,20.0,False,False
2022-10-11 07,474,317,1344,0.35267857142857145,True,8.497863298451632,0.5,19.5,False,False
2022-10-11 08,422,261,1001,0.42157842157842157,True,10.258185650078014,1.5,25.0,False,False
2022-10-11 09,150,47,264,0.5681818181818182,True,14.105103912558386,3.5,28.0,False,False
2022-10-11 10,135,12,174,0.7758620689655172,True,17.62248956703182,7.0,36.0,False,False
2022-10-11 11,156,11,199,0.7839195979899497,True,19.60177544839593,7.0,34.0,False,False
2022-10-11 12,173,13,208,0.8317307692307693,True,20.608606813077117,11.5,42.0,False,False
2022-10-11 13,156,13,193,0.8082901554404145,True,21.306790803057137,12.5,36.0,False,False
2022-10-11 14,152,12,187,0.8128342245989305,True,21.789617239980164,14.0,37.5,False,False
2022-10-11 15,194,6,235,0.825531914893617,True,21.619954220314735,14.0,37.5,False,False
2022-10-11 16,212,15,280,0.7571428571428571,True,21.321419438508045,13.5,34.5,False,False
2022-10-11 17,204,17,271,0.7527675276752768,True,20.772490484706747,13.5,37.0,False,False
2022-10-11 18,187,18,261,0.7164750957854407,True,19.01851436709612,10.0,36.5,False,False
2022-10-11 19,121,7,165,0.7333333333333333,True,16.699904731660844,7.5,32.0,False,False
2022-10-11 20,66,3,83,0.7951807228915663,True,15.387746129447603,7.5,34.0,False,False
2022-10-11 21,45,9,65,0.6923076923076923,True,14.503172279160566,6.0,25.5,False,False
2022-10-11 22,29,2,35,0.8285714285714286,True,15.107699323554002,7.0,30.0,False,False
2022-10-11 23,8,2,11,0.7272727272727273,True,14.208358848744641,4.5,29.0,False,False
2022-10-12 00,1,0,1,1.0,True,12.509080590238366,4.5,21.0,False,False
2022-10-12 01,3,2,5,0.6,True,12.741847826086957,6.0,32.0,False,False
2022-10-12 02,3,3,8,0.375,True,11.260344827586207,4.5,31.5,False,False
2022-10-12 03,1,1,3,0.3333333333333333,True,12.19762103505843,3.0,18.5,False,False
2022-10-12 04,10,5,16,0.625,True,12.906543346217559,2.5,19.5,False,False
2022-10-12 05,28,5,42,0.6666666666666666,True,13.282477341389727,1.0,21.5,False,False
2022-10-12 06,107,34,180,0.5944444444444444,True,13.258797220374067,1.5,24.0,False,False
2022-10-12 07,166,12,213,0.7793427230046949,True,13.49508564487742,2.0,33.5,False,False
2022-10-12 08,153,16,210,0.7285714285714285,True,14.711872016635947,2.5,26.0,False,False
2022-10-12 09,143,15,173,0.8265895953757225,True,15.718016277848623,6.5,30.5,False,False
2022-10-12 10,119,4,141,0.8439716312056738,True,17.402178909625817,8.5,29.5,False,False
2022-10-12 11,128,5,145,0.8827586206896552,True,18.9679797555316,11.0,35.0,False,False
2022-10-12 12,158,7,188,0.8404255319148937,True,20.584243850064738,13.0,39.0,False,False
2022-10-12 13,111,4,140,0.7928571428571428,True,21.795252558372304,14.5,46.0,False,False
2022-10-12 14,148,4,179,0.8268156424581006,True,21.770870742692296,15.5,42.0,False,False
2022-10-12 15,195,10,238,0.819327731092437,True,21.81697711426838,15.0,43.5,False,False
2022-10-12 16,218,9,272,0.8014705882352942,True,22.018240783820026,15.5,48.0,False,False
2022-10-12 17,235,20,306,0.7679738562091504,True,21.757852952851408,15.0,41.5,False,False
2022-10-12 18,188,9,227,0.8281938325991189,True,21.312096438242033,15.5,39.0,False,False
2022-10-12 19,264,116,411,0.6423357664233577,True,20.845494879349047,16.0,41.5,False,False
2022-10-12 20,240,143,424,0.5660377358490566,True,20.471291577455446,15.0,40.5,False,False
2022-10-12 21,141,76,238,0.592436974789916,True,19.895221827662155,11.0,38.0,False,False
2022-10-12 22,114,93,216,0.5277777777777778,True,19.426059979317476,15.0,33.0,False,False
2022-10-12 23,111,82,207,0.5362318840579711,True,19.089666666666666,14.0,31.0,False,False
2022-10-13 00,70,60,146,0.4794520547945205,True,18.52053249097473,14.5,23.0,False,False
2022-10-13 01,84,75,188,0.44680851063829785,True,17.21635802469136,12.0,25.5,False,False
2022-10-13 02,40,34,99,0.40404040404040403,True,15.181616341030196,12.5,18.5,False,False
2022-10-13 03,177,172,357,0.4957983193277311,True,14.909133055169217,13.5,27.5,False,False
2022-10-13 04,270,246,554,0.48736462093862815,True,14.403705509507557,13.0,19.5,False,False
2022-10-13 05,598,550,1304,0.45858895705521474,True,14.421419662093207,12.0,21.0,False,False
2022-10-13 06,2995,2793,6360,0.47091194968553457,True,14.621650253655625,12.5,22.5,False,False
2022-10-13 07,8639,8136,18762,0.4604519774011299,True,14.782606848901306,12.0,23.0,False,False
2022-10-13 08,5861,5381,12969,0.45192381833603207,True,15.051111019964521,10.5,25.5,False,False
2022-10-13 09,3487,3157,7567,0.4608167041099511,True,14.597106395857152,8.0,30.0,False,False
2022-10-13 10,3515,3208,7517,0.4676067580151656,True,12.743186271599074,8.0,32.5,False,False
2022-10-13 11,4068,3725,8706,0.4672639558924879,True,11.172772120464659,7.5,24.5,False,False
2022-10-13 12,1176,892,2493,0.4717208182912154,True,11.61820713776799,8.0,35.0,False,False
2022-10-13 13,419,234,804,0.5211442786069652,True,12.602946871484685,9.0,38.0,False,False
2022-10-13 14,786,552,1543,0.509397278029812,True,13.584370367042544,9.5,33.0,False,False
2022-10-13 15,1291,931,2537,0.5088687426093812,True,13.992072123018032,9.0,38.5,False,False
2022-10-13 16,4208,3674,8905,0.4725435148792813,True,12.72393970037135,8.0,31.0,False,False
2022-10-13 17,1776,1389,3872,0.45867768595041325,True,12.944903398910865,8.0,29.0,False,False
2022-10-13 18,355,86,569,0.6239015817223199,True,12.750325379609544,6.5,28.5,False,False
2022-10-13 19,246,50,349,0.7048710601719198,True,12.03013771402885,4.5,26.5,False,False
2022-10-13 20,141,29,200,0.705,True,11.441331575477918,3.5,29.0,False,False
2022-10-13 21,478,380,968,0.493801652892562,True,10.810816301653732,2.5,21.0,False,False
2022-10-13 22,175,138,388,0.45103092783505155,True,10.909192445677926,3.0,24.5,False,False
2022-10-13 23,49,37,109,0.44954128440366975,True,10.297539842178555,3.5,19.5,False,False
2022-10-14 00,12,1,17,0.7058823529411765,True,9.349305555555556,1.5,17.5,False,False
2022-10-14 01,7,4,13,0.5384615384615384,True,8.189711934156378,1.5,13.5,False,False
2022-10-14 02,11,6,19,0.5789473684210527,True,7.977692307692307,5.0,15.0,False,False
2022-10-14 03,22,14,37,0.5945945945945946,True,6.780134397312054,3.0,18.0,False,False
2022-10-14 04,33,26,75,0.44,True,5.863189513926816,1.0,18.0,False,False
2022-10-14 05,114,77,252,0.4523809523809524,True,5.82009220542511,0.5,22.5,False,False
2022-10-14 06,321,237,799,0.40175219023779724,True,5.905276691293641,-0.5,22.5,False,False
2022-10-14 07,642,440,1697,0.3783146729522687,True,6.116817440130537,-0.5,19.0,False,False
2022-10-14 08,454,265,1011,0.44906033630069236,True,7.351674839504418,0.5,21.0,False,False
2022-10-14 09,235,67,441,0.5328798185941043,True,9.95347216094591,1.5,26.5,False,False
2022-10-14 10,193,51,298,0.6476510067114094,True,12.148374613003096,3.5,36.0,False,False
2022-10-14 11,227,20,282,0.8049645390070922,True,13.91340844353209,3.0,38.0,False,False
2022-10-14 12,240,8,301,0.7973421926910299,True,14.85196690179056,8.5,41.5,False,False
2022-10-14 13,210,13,263,0.7984790874524715,True,15.292151373618404,9.0,39.5,False,False
2022-10-14 14,231,11,288,0.8020833333333334,True,15.756920055889129,9.0,33.0,False,False
2022-10-14 15,298,13,351,0.8490028490028491,True,15.891487191331294,8.5,44.5,False,False
2022-10-14 16,315,25,381,0.8267716535433071,True,15.678193988313094,10.0,32.5,False,False
2022-10-14 17,278,11,332,0.8373493975903614,True,14.93425508476305,9.0,33.5,False,False
2022-10-14 18,259,10,306,0.8464052287581699,True,12.844708769342267,6.5,34.0,False,False
2022-10-14 19,148,6,192,0.7708333333333334,True,11.177808368228428,4.5,29.5,False,False
2022-10-14 20,104,4,137,0.7591240875912408,True,11.24217880709018,3.0,23.5,False,False
2022-10-14 21,96,5,119,0.8067226890756303,True,10.589651494714388,3.0,22.5,False,False
2022-10-14 22,52,2,65,0.8,True,9.756169287814858,1.5,24.5,False,False
2022-10-14 23,31,4,45,0.6888888888888889,True,9.725383955718407,4.0,26.5,False,False
2022-10-15 00,17,4,22,0.7727272727272727,True,9.87864406779661,2.5,20.5,False,False
2022-10-15 01,13,3,26,0.5,True,9.712428497139886,2.0,17.5,False,False
2022-10-15 02,5,4,15,0.3333333333333333,True,8.75673249551167,1.5,21.0,False,False
2022-10-15 03,3,0,6,0.5,True,9.087980173482032,4.0,15.5,False,False
2022-10-15 04,3,0,3,1.0,True,9.716007714561234,5.5,15.0,False,False
2022-10-15 05,12,1,16,0.75,True,10.864994882292732,1.0,18.5,False,False
2022-10-15 06,27,3,33,0.8181818181818182,True,12.14963974620927,1.5,20.5,False,False
2022-10-15 07,134,77,233,0.575107296137339,True,12.728944092936418,4.0,20.5,False,False
2022-10-15 08,733,529,1362,0.5381791483113069,True,13.34633820618606,4.0,31.5,False,False
2022-10-15 09,2687,2270,5544,0.4846681096681097,True,12.165352984042475,6.5,32.5,False,False
2022-10-15 10,1282,975,2894,0.4429854872149274,True,11.963411666773387,7.5,27.5,False,False
2022-10-15 11,637,332,1118,0.5697674418604651,True,12.784194979465443,8.0,30.0,False,False
2022-10-15 12,3099,2697,6515,0.47567152724481965,True,11.365041699761715,7.5,35.0,False,False
2022-10-15 13,636,328,1119,0.5683646112600537,True,12.404502399668536,8.5,35.0,False,False
2022-10-15 14,312,32,387,0.8062015503875969,True,12.831229733100523,8.0,29.0,False,False
2022-10-15 15,303,34,421,0.7197149643705463,True,13.190445303569364,8.5,34.5,False,False
2022-10-15 16,268,25,365,0.7342465753424657,True,12.614659956900184,7.5,33.5,False,False
2022-10-15 17,260,29,364,0.7142857142857143,True,11.958800015830926,7.0,38.0,False,False
2022-10-15 18,203,11,253,0.8023715415019763,True,11.525779706577712,6.5,30.0,False,False
2022-10-15 19,173,8,208,0.8317307692307693,True,10.713832853025936,3.5,25.0,False,False
2022-10-15 20,123,1,146,0.8424657534246576,True,10.25783957280009,1.0,22.0,False,False
2022-10-15 21,86,7,138,0.6231884057971014,True,9.407933598126082,1.0,19.5,False,False
2022-10-15 22,72,9,93,0.7741935483870968,True,8.185105865174009,0.5,19.0,False,False
2022-10-15 23,55,6,77,0.7142857142857143,True,7.662232591964123,0.0,18.0,False,False
2022-10-16 00,20,5,27,0.7407407407407407,True,8.766192733017377,1.0,22.5,False,False
2022-10-16 01,5,0,6,0.8333333333333334,True,9.486172566371682,1.5,18.5,False,False
2022-10-16 02,20,2,32,0.625,True,9.83472133247918,-0.5,19.5,False,False
2022-10-16 03,9,0,12,0.75,True,9.101782363977486,-0.5,21.0,False,False
2022-10-16 04,3,1,5,0.6,True,7.963360473723168,4.0,16.0,False,False
2022-10-16 05,15,3,21,0.7142857142857143,True,6.99614861803353,0.0,17.5,False,False
2022-10-16 06,33,13,60,0.55,True,6.315777342399447,-1.5,20.5,False,False
2022-10-16 07,66,25,134,0.4925373134328358,True,6.438841050254093,-1.0,18.0,False,False
2022-10-16 08,136,23,192,0.7083333333333334,True,7.359390271408165,-1.0,19.0,False,False
2022-10-16 09,178,12,227,0.7841409691629956,True,9.288059335540026,0.5,22.0,False,False
2022-10-16 10,242,24,309,0.7831715210355987,True,11.766094385277608,2.5,30.5,False,False
2022-10-16 11,262,27,340,0.7705882352941177,True,13.720539799305387,6.0,36.5,False,False
2022-10-16 12,259,21,332,0.7801204819277109,True,14.986182390013775,6.0,71.5,False,False
2022-10-16 13,256,19,320,0.8,True,15.4474930362117,9.0,38.0,False,False
2022-10-16 14,257,18,331,0.7764350453172205,True,16.35406960811181,10.0,39.5,False,False
2022-10-16 15,229,6,293,0.7815699658703071,True,16.663720649261965,11.5,31.5,False,False
2022-10-16 16,177,11,227,0.7797356828193832,True,16.56177198539211,9.5,34.0,False,False
2022-10-16 17,122,11,168,0.7261904761904762,True,15.675718437197288,9.5,30.5,False,False
2022-10-16 18,99,4,126,0.7857142857142857,True,14.160334082065235,9.0,26.0,False,False
2022-10-16 19,99,3,126,0.7857142857142857,True,13.310169491525423,6.0,26.0,False,False
2022-10-16 20,105,15,141,0.7446808510638298,True,12.691146562425715,3.5,46.5,False,False
2022-10-16 21,52,29,93,0.5591397849462365,True,12.367864314400459,5.5,29.5,False,False
2022-10-16 22,75,67,150,0.5,True,12.105954238169527,6.0,21.0,False,False
2022-10-16 23,89,73,167,0.5329341317365269,True,12.092906786590351,5.0,21.0,False,False
2022-10-17 00,100,87,238,0.42016806722689076,True,11.248879696656326,7.5,19.5,False,False
2022-10-17 01,76,69,167,0.4550898203592814,True,10.468231389284021,7.0,19.5,False,False
2022-10-17 02,15,13,34,0.4411764705882353,True,10.097329585382994,4.0,19.5,False,False
2022-10-17 03,8,5,19,0.42105263157894735,True,9.84153846153846,7.5,14.0,False,False
2022-10-17 04,52,45,131,0.3969465648854962,True,9.783854166666666,6.5,17.5,False,False
2022-10-17 05,232,187,536,0.43283582089552236,True,10.065714974099507,5.5,18.0,False,False
2022-10-17 06,1673,1505,3693,0.4530192255618738,True,9.858736185504101,6.5,23.0,False,False
2022-10-17 07,4868,4402,10886,0.4471798640455631,True,9.386041452096329,6.0,21.0,False,False
2022-10-17 08,5565,5161,12305,0.45225518082080457,True,8.402398438645774,6.0,18.5,False,False
2022-10-17 09,1722,1466,3959,0.4349583228087901,True,8.672572848256072,6.0,20.0,False,False
2022-10-17 10,526,387,1232,0.42694805194805197,True,10.127051474374761,6.5,29.0,False,False
2022-10-17 11,411,195,744,0.5524193548387096,True,10.912082593966769,6.5,34.5,False,False
2022-10-17 12,472,185,801,0.5892634207240949,True,10.876251249057729,6.5,29.5,False,False
2022-10-17 13,944,676,1903,0.49605885444035736,True,10.238921451665888,5.0,31.5,False,False
2022-10-17 14,3502,3125,7327,0.4779582366589327,True,8.004943187204594,3.0,26.5,False,False
2022-10-17 15,4699,4226,10245,0.45866276232308445,True,7.111576848391206,3.0,28.0,False,False
2022-10-17 16,4076,3554,9113,0.4472731263030835,True,7.121182380285334,3.5,22.5,False,False
2022-10-17 17,5547,5002,12246,0.4529642332190103,True,6.2611938267236456,2.0,25.5,False,False
2022-10-17 18,4695,4288,10041,0.46758291006871827,True,5.4479590837216465,2.0,18.5,False,False
2022-10-17 19,4862,4658,10262,0.47378678620152015,True,4.712474592620664,1.5,22.5,True,False
2022-10-17 20,1787,1646,3801,0.4701394369902657,True,4.510002778549597,1.5,17.5,True,False
2022-10-17 21,464,405,1034,0.44874274661508706,True,4.475555694305695,2.0,25.0,True,False
2022-10-17 22,148,117,310,0.4774193548387097,True,4.676612209802236,1.5,16.0,True,False
2022-10-17 23,180,160,402,0.44776119402985076,True,4.762701233535438,1.0,10.0,True,False
2022-10-18 00,40,31,79,0.5063291139240507,True,4.898858075040783,2.0,12.0,True,False
2022-10-18 01,75,69,146,0.5136986301369864,True,4.49581589958159,2.5,11.0,True,False
2022-10-18 02,12,8,30,0.4,True,4.279494382022472,3.0,7.0,True,False
2022-10-18 03,17,7,37,0.4594594594594595,True,4.579615648592999,3.0,13.0,True,False
2022-10-18 04,83,69,199,0.41708542713567837,True,4.369033412887828,0.5,10.5,True,False
2022-10-18 05,167,124,388,0.43041237113402064,True,4.617879466918269,0.0,17.0,True,False
2022-10-18 06,1076,905,2355,0.45690021231422506,True,4.426757780872494,-0.5,17.0,True,False
2022-10-18 07,1927,1623,4456,0.43245062836624776,True,5.188446825684639,-0.5,19.5,False,False
2022-10-18 08,1241,1006,2762,0.4493120926864591,True,5.825418010603196,-0.5,20.5,False,False
2022-10-18 09,842,641,1700,0.49529411764705883,True,6.442500392958189,0.0,17.0,False,False
2022-10-18 10,774,574,1601,0.4834478450968145,True,7.137598088641445,1.0,31.5,False,False
2022-10-18 11,1101,833,2289,0.48099606815203144,True,7.281900588644612,1.0,32.0,False,False
2022-10-18 12,1728,1394,3611,0.47853780116311273,True,7.263761131823584,2.5,29.5,False,False
2022-10-18 13,2801,2481,5936,0.471866576819407,True,6.9736672665136785,1.5,23.5,False,False
2022-10-18 14,4644,4275,9863,0.4708506539592416,True,6.217055971793742,2.0,23.0,False,False
2022-10-18 15,7750,7285,16350,0.4740061162079511,True,5.928297634551618,2.5,22.0,False,False
2022-10-18 16,9108,8561,19367,0.4702845045696287,True,5.52998769461238,2.0,24.5,False,False
2022-10-18 17,9944,9448,21260,0.46773283160865475,True,5.1308618226227445,1.0,23.5,False,False
2022-10-18 18,5490,5110,11759,0.46687643507100945,True,4.907996269514782,1.0,18.5,True,False
2022-10-18 19,3195,2939,6847,0.4666277201694173,True,4.647366662955127,2.0,17.5,True,False
2022-10-18 20,1624,1493,3489,0.4654628833476641,True,4.62862784429261,1.0,20.5,True,False
2022-10-18 21,777,707,1638,0.47435897435897434,True,4.619512833944474,1.5,21.0,True,False
2022-10-18 22,234,209,526,0.4448669201520912,True,4.72664462029054,1.5,15.5,True,False
2022-10-18 23,142,124,302,0.47019867549668876,True,4.68969279838845,1.0,10.0,True,False
2022-10-19 00,27,18,51,0.5294117647058824,True,4.490263157894737,2.0,10.5,True,False
2022-10-19 01,9,4,20,0.45,True,5.31468023255814,3.5,9.5,False,False
2022-10-19 02,14,10,31,0.45161290322580644,True,4.8909722222222225,3.5,9.5,True,False
2022-10-19 03,14,10,27,0.5185185185185185,True,5.1139369277721265,2.5,12.0,False,False
2022-10-19 04,143,128,288,0.4965277777777778,True,4.437594363361852,1.5,13.5,True,False
2022-10-19 05,435,389,912,0.4769736842105263,True,4.302069857697283,0.5,15.0,True,False
2022-10-19 06,1241,1063,2637,0.4706105422828972,True,4.103338380814875,-0.5,17.0,True,False
2022-10-19 07,3631,3241,8221,0.44167376231601996,True,3.9186036858708286,-0.5,17.0,True,False
2022-10-19 08,2195,1858,4846,0.4529508873297565,True,4.284602076124568,0.0,18.5,True,False
2022-10-19 09,1496,1213,3165,0.47266982622432857,True,4.698029946254921,0.0,19.0,True,False
2022-10-19 10,492,323,987,0.49848024316109424,True,6.364357151464032,-1.0,25.0,False,False
2022-10-19 11,748,500,1445,0.5176470588235295,True,7.282828282828283,-1.0,26.0,False,False
2022-10-19 12,1722,1422,3633,0.47398843930635837,True,6.50514447970603,-0.5,22.5,False,False
2022-10-19 13,2814,2462,5965,0.47175188600167645,True,6.151711245326431,1.0,24.5,False,False
2022-10-19 14,2756,2386,5778,0.476981654551748,True,6.734996238985601,1.0,24.0,False,False
2022-10-19 15,5701,5188,12266,0.46478069460296756,True,6.095518704280079,2.0,21.0,False,False
2022-10-19 16,3762,3292,8214,0.4579985390796202,True,6.401608075055671,1.0,19.5,False,False
2022-10-19 17,3635,3147,7675,0.4736156351791531,True,6.439784636092684,0.0,21.0,False,False
2022-10-19 18,3982,3554,8364,0.4760879961740794,True,5.663720818803737,0.0,26.5,False,False
2022-10-19 19,2692,2399,5660,0.4756183745583039,True,4.9943071926431415,0.0,23.0,True,False
2022-10-19 20,1164,988,2428,0.4794069192751236,True,5.141976091574976,-0.5,16.5,False,False
2022-10-19 21,957,854,2032,0.47096456692913385,True,4.984962592280632,0.0,17.0,True,False
2022-10-19 22,155,123,395,0.3924050632911392,True,5.2541612118945205,1.0,16.5,False,False
2022-10-19 23,41,19,87,0.47126436781609193,True,5.314599686028258,0.5,21.5,False,False
2022-10-20 00,63,52,125,0.504,True,4.95593931568754,2.5,14.5,True,False
2022-10-20 01,27,25,56,0.48214285714285715,True,5.663667041619798,3.5,11.5,False,False
2022-10-20 02,15,9,39,0.38461538461538464,True,4.827425373134329,1.5,21.0,True,False
2022-10-20 03,24,16,44,0.5454545454545454,True,4.593602517042475,2.0,15.5,True,False
2022-10-20 04,31,20,89,0.34831460674157305,True,4.714970501474927,2.0,18.5,True,False
2022-10-20 05,136,99,333,0.4084084084084084,True,4.365866957470011,-0.5,14.5,True,False
2022-10-20 06,494,322,978,0.5051124744376279,True,4.355377528539956,-1.0,15.5,True,False
2022-10-20 07,2779,2361,5981,0.4646380203979268,True,4.271143015691229,-0.5,18.0,True,False
2022-10-20 08,1234,921,2667,0.46269216347956504,True,4.654814011357111,0.0,17.0,True,False
2022-10-20 09,1186,901,2318,0.5116479723899914,True,5.028137063716321,0.0,20.0,False,False
2022-10-20 10,1684,1439,3608,0.46674057649667405,True,4.965156794425087,1.5,23.0,True,False
2022-10-20 11,890,608,1828,0.486870897155361,True,6.244260584376863,2.0,19.5,False,False
2022-10-20 12,2469,2051,5022,0.491636798088411,True,6.151854973388897,3.0,27.0,False,False
2022-10-20 13,1576,1233,3199,0.4926539543607377,True,6.643339551038785,2.5,22.0,False,False
2022-10-20 14,1690,1323,3376,0.5005924170616114,True,6.81239287788433,2.5,25.0,False,False
2022-10-20 15,1080,670,2056,0.5252918287937743,True,7.228128492921013,3.0,28.5,False,False
2022-10-20 16,1449,984,2806,0.5163934426229508,True,7.554248125965269,3.0,28.5,False,False
2022-10-20 17,3247,2817,6561,0.4948940710257583,True,6.695807689793326,1.5,25.0,False,False
2022-10-20 18,2905,2568,5986,0.4852990310725025,True,5.758959322349437,2.0,34.5,False,False
2022-10-20 19,1241,1015,2524,0.4916798732171157,True,5.796572084014968,2.0,26.5,False,False
2022-10-20 20,336,193,674,0.49851632047477745,True,5.924218088368425,2.5,27.0,False,False
2022-10-20 21,320,239,617,0.5186385737439222,True,5.815440785337782,3.0,17.5,False,False
2022-10-20 22,79,50,159,0.4968553459119497,True,5.8793254703187445,0.0,15.0,False,False
2022-10-20 23,25,9,57,0.43859649122807015,True,5.101949708454811,-1.0,20.5,False,False
2022-10-21 00,8,3,19,0.42105263157894735,True,3.8625366568914954,0.0,16.0,True,False
2022-10-21 01,15,8,35,0.42857142857142855,True,3.397334089619966,0.0,10.5,True,False
2022-10-21 02,13,9,24,0.5416666666666666,True,2.2607209446861405,-2.0,17.0,True,False
2022-10-21 03,1,0,11,0.09090909090909091,False,1.5440122824974412,-2.0,12.5,True,False
2022-10-21 04,26,19,58,0.4482758620689655,True,2.2387992831541217,-3.0,11.5,True,False
2022-10-21 05,82,52,164,0.5,True,3.3336391869000566,-3.5,18.5,True,False
2022-10-21 06,202,121,449,0.44988864142538976,True,4.037284192481939,-4.0,16.0,True,False
2022-10-21 07,523,321,1274,0.41051805337519626,True,4.064670519281332,-4.5,19.5,True,False
2022-10-21 08,372,140,718,0.5181058495821727,True,5.611729910422815,-2.5,44.0,False,False
2022-10-21 09,253,46,400,0.6325,True,8.593042475494906,-2.0,44.0,False,False
2022-10-21 10,226,18,287,0.7874564459930313,True,11.520116012463502,2.0,29.5,False,False
2022-10-21 11,260,16,324,0.8024691358024691,True,14.259532129516465,4.5,30.5,False,False
2022-10-21 12,287,25,375,0.7653333333333333,True,16.295288095550596,7.5,39.5,False,False
2022-10-21 13,274,24,348,0.7873563218390804,True,18.0520201588793,8.5,34.5,False,False
2022-10-21 14,293,29,397,0.7380352644836272,True,19.06794508741689,10.0,39.0,False,False
2022-10-21 15,350,28,470,0.7446808510638298,True,19.550433010697912,9.5,38.0,False,False
2022-10-21 16,363,28,470,0.7723404255319148,True,19.51909056106172,10.5,37.5,False,False
2022-10-21 17,315,37,436,0.7224770642201835,True,18.702663927320643,10.5,40.0,False,False
2022-10-21 18,282,10,347,0.8126801152737753,True,17.12366231371588,8.5,39.5,False,False
2022-10-21 19,173,7,232,0.7456896551724138,True,15.787893474012044,6.0,41.0,False,False
2022-10-21 20,152,8,195,0.7794871794871795,True,15.3424655856562,5.0,29.5,False,False
2022-10-21 21,97,4,116,0.8362068965517241,True,14.824140368128322,3.5,32.5,False,False
2022-10-21 22,52,2,65,0.8,True,14.595732959382982,4.5,25.5,False,False
2022-10-21 23,34,5,46,0.7391304347826086,True,14.302740768937952,4.0,35.5,False,False
2022-10-22 00,12,0,20,0.6,True,13.960056127221703,6.0,35.0,False,False
2022-10-22 01,7,0,15,0.4666666666666667,True,13.682586206896552,9.0,22.5,False,False
2022-10-22 02,7,0,11,0.6363636363636364,True,13.807279029462737,2.0,22.0,False,False
2022-10-22 03,5,0,7,0.7142857142857143,True,13.442179884802835,-0.5,23.0,False,False
2022-10-22 04,6,1,7,0.8571428571428571,True,13.758921933085501,1.5,27.5,False,False
2022-10-22 05,8,0,14,0.5714285714285714,True,12.439918776875299,-0.5,28.0,False,False
2022-10-22 06,28,3,39,0.717948717948718,True,12.196595528455285,0.0,22.0,False,False
2022-10-22 07,98,12,130,0.7538461538461538,True,12.049483497102544,1.0,21.5,False,False
2022-10-22 08,165,13,226,0.7300884955752213,True,12.92253095741468,-1.5,24.0,False,False
2022-10-22 09,261,30,348,0.75,True,15.167477391066045,3.0,30.5,False,False
2022-10-22 10,287,16,366,0.7841530054644809,True,17.752770144490736,6.0,41.0,False,False
2022-10-22 11,293,18,371,0.7897574123989218,True,20.032904942535243,8.0,43.5,False,False
2022-10-22 12,316,24,394,0.8020304568527918,True,21.77038683529262,11.0,45.0,False,False
2022-10-22 13,272,18,342,0.7953216374269005,True,22.877751297592724,13.0,42.0,False,False
2022-10-22 14,292,36,382,0.7643979057591623,True,23.42033050425576,12.5,42.5,False,False
2022-10-22 15,262,34,331,0.7915407854984894,True,23.577501965629562,13.0,48.5,False,False
2022-10-22 16,252,20,327,0.7706422018348624,True,23.36438969214124,14.0,41.0,False,False
2022-10-22 17,213,16,277,0.7689530685920578,True,22.299947718276197,12.0,40.5,False,False
2022-10-22 18,201,14,271,0.7416974169741697,True,19.232970366337405,9.5,37.0,False,False
2022-10-22 19,137,9,174,0.7873563218390804,True,16.924004443848528,7.0,32.5,False,False
2022-10-22 20,77,2,95,0.8105263157894737,True,16.076861266947173,6.5,30.5,False,False
2022-10-22 21,90,4,116,0.7758620689655172,True,14.721922910037605,4.5,34.0,False,False
2022-10-22 22,51,3,74,0.6891891891891891,True,13.130969875091845,5.5,38.5,False,False
2022-10-22 23,26,0,36,0.7222222222222222,True,13.153369849964276,3.5,46.5,False,False
2022-10-23 00,16,0,26,0.6153846153846154,True,12.951594936708862,6.0,25.0,False,False
2022-10-23 01,8,0,16,0.5,True,12.157790492957746,4.5,19.0,False,False
2022-10-23 02,10,2,15,0.6666666666666666,True,12.588409475465314,3.0,22.5,False,False
2022-10-23 03,7,0,7,1.0,True,11.312167906482465,4.0,23.0,False,False
2022-10-23 04,10,5,17,0.5882352941176471,True,10.486078886310905,0.0,19.0,False,False
2022-10-23 05,9,1,13,0.6923076923076923,True,10.505779569892473,3.5,18.5,False,False
2022-10-23 06,24,9,34,0.7058823529411765,True,9.711549139367019,3.5,19.0,False,False
2022-10-23 07,75,29,146,0.5136986301369864,True,8.894254330376004,0.5,21.5,False,False
2022-10-23 08,113,30,184,0.6141304347826086,True,10.05232855680655,0.0,23.0,False,False
2022-10-23 09,169,26,235,0.7191489361702128,True,13.507971848730369,1.5,28.0,False,False
2022-10-23 10,254,28,340,0.7470588235294118,True,17.202577146860815,4.5,33.5,False,False
2022-10-23 11,259,20,336,0.7708333333333334,True,20.07476468559038,6.0,37.0,False,False
2022-10-23 12,283,24,350,0.8085714285714286,True,22.312080949744725,10.5,37.5,False,False
2022-10-23 13,239,21,318,0.7515723270440252,True,23.573235718910304,12.0,42.5,False,False
2022-10-23 14,219,20,271,0.8081180811808119,True,24.120893030638914,14.0,41.5,False,False
2022-10-23 15,204,24,280,0.7285714285714285,True,24.186220710506426,13.5,41.5,False,False
2022-10-23 16,210,17,279,0.7526881720430108,True,23.690415379439024,14.0,49.0,False,False
2022-10-23 17,190,24,257,0.7392996108949417,True,22.060936525535308,13.5,61.5,False,False
2022-10-23 18,175,17,250,0.7,True,19.279968788532674,8.5,35.5,False,False
2022-10-23 19,101,3,128,0.7890625,True,16.893897173269067,8.0,35.5,False,False
2022-10-23 20,56,3,75,0.7466666666666667,True,14.842315325248071,6.5,27.0,False,False
2022-10-23 21,28,3,47,0.5957446808510638,True,13.887074609974942,5.0,24.5,False,False
2022-10-23 22,12,1,16,0.75,True,12.800908932004894,6.0,28.5,False,False
2022-10-23 23,10,1,14,0.7142857142857143,True,12.002753653886888,3.0,22.0,False,False
2022-10-24 00,3,1,4,0.75,True,11.073963232150492,2.5,21.0,False,False
2022-10-24 01,7,1,8,0.875,True,9.630480167014614,5.0,14.0,False,False
2022-10-24 02,2,0,2,1.0,True,8.854048964218455,3.5,20.0,False,False
2022-10-24 03,2,1,7,0.2857142857142857,False,7.635640138408305,4.0,18.0,False,False
2022-10-24 04,14,10,34,0.4117647058823529,True,7.142696629213483,3.0,16.0,False,False
2022-10-24 05,77,56,174,0.4425287356321839,True,7.639336378937244,0.5,21.5,False,False
2022-10-24 06,289,227,741,0.3900134952766532,True,7.58582911253028,2.0,20.5,False,False
2022-10-24 07,758,605,1990,0.38090452261306534,True,7.714713781105717,0.0,21.0,False,False
2022-10-24 08,466,317,1161,0.40137812230835485,True,8.92725278007536,1.0,21.5,False,False
2022-10-24 09,222,88,465,0.4774193548387097,True,12.534638765900626,4.5,29.5,False,False
2022-10-24 10,144,37,217,0.663594470046083,True,16.497843506205204,8.5,36.0,False,False
2022-10-24 11,157,20,212,0.7405660377358491,True,19.362507102411882,10.5,34.0,False,False
2022-10-24 12,161,15,224,0.71875,True,20.912936229388784,11.0,37.5,False,False
2022-10-24 13,178,14,232,0.7672413793103449,True,22.19686332826117,13.0,51.0,False,False
2022-10-24 14,209,19,275,0.76,True,23.36064455928797,13.5,39.0,False,False
2022-10-24 15,236,19,314,0.7515923566878981,True,23.82396870170433,14.5,41.5,False,False
2022-10-24 16,236,26,326,0.7239263803680982,True,23.555808369859573,14.0,43.5,False,False
2022-10-24 17,266,39,392,0.6785714285714286,True,22.135580739596616,13.5,41.0,False,False
2022-10-24 18,235,28,307,0.7654723127035831,True,19.462567528930222,12.0,32.0,False,False
2022-10-24 19,136,15,192,0.7083333333333334,True,17.407597771779706,10.5,48.5,False,False
2022-10-24 20,77,8,108,0.7129629629629629,True,16.131036747675182,9.0,38.5,False,False
2022-10-24 21,58,8,87,0.6666666666666666,True,15.095192204732841,8.5,26.0,False,False
2022-10-24 22,23,2,32,0.71875,True,14.427948286735337,6.5,24.0,False,False
2022-10-24 23,7,3,19,0.3684210526315789,True,14.063490214352283,7.5,21.5,False,False
2022-10-25 00,7,0,9,0.7777777777777778,True,13.422000847816872,9.0,26.0,False,False
2022-10-25 01,4,0,4,1.0,True,13.674418604651162,8.5,27.0,False,False
2022-10-25 02,7,2,11,0.6363636363636364,True,13.222666666666667,8.0,21.5,False,False
2022-10-25 03,1,0,1,1.0,True,12.71788990825688,9.0,23.5,False,False
2022-10-25 04,26,25,65,0.4,True,12.866258741258742,6.5,20.5,False,False
2022-10-25 05,100,85,233,0.4291845493562232,True,12.26554642462897,6.0,20.5,False,False
2022-10-25 06,313,261,828,0.3780193236714976,True,12.27984852984853,4.5,24.0,False,False
2022-10-25 07,1034,870,2819,0.3667967364313586,True,12.187420477733765,5.5,25.0,False,False
2022-10-25 08,605,429,1487,0.40685944855413586,True,13.549727387262143,5.0,27.0,False,False
2022-10-25 09,254,110,550,0.4618181818181818,True,15.950807909003933,9.0,32.5,False,False
2022-10-25 10,166,35,266,0.6240601503759399,True,18.921053219037415,13.0,33.0,False,False
2022-10-25 11,164,25,233,0.703862660944206,True,21.541490223515115,14.5,36.0,False,False
2022-10-25 12,191,21,261,0.7318007662835249,True,23.401940012965042,14.0,40.0,False,False
2022-10-25 13,151,11,227,0.6651982378854625,True,24.46949595148796,15.0,41.5,False,False
2022-10-25 14,153,13,222,0.6891891891891891,True,25.302935474514953,15.0,49.5,False,False
2022-10-25 15,199,16,266,0.7481203007518797,True,25.333753859624867,15.0,39.5,False,False
2022-10-25 16,250,20,323,0.7739938080495357,True,24.86965941818374,14.0,39.0,False,False
2022-10-25 17,254,20,329,0.7720364741641338,True,23.223080497663368,14.0,45.0,False,False
2022-10-25 18,156,10,207,0.7536231884057971,True,20.243094625730055,12.0,43.0,False,False
2022-10-25 19,120,8,153,0.7843137254901961,True,18.276025939811532,10.0,38.0,False,False
2022-10-25 20,88,7,122,0.7213114754098361,True,17.57161854712084,10.0,27.0,False,False
2022-10-25 21,45,2,62,0.7258064516129032,True,18.103173370606203,10.5,35.0,False,False
2022-10-25 22,20,2,34,0.5882352941176471,True,17.823388065678813,9.5,30.0,False,False
2022-10-25 23,10,0,14,0.7142857142857143,True,17.186925229908038,13.0,51.0,False,False
2022-10-26 00,8,4,14,0.5714285714285714,True,15.620229599751784,10.5,24.5,False,False
2022-10-26 01,5,0,9,0.5555555555555556,True,15.2032,10.0,24.5,False,False
2022-10-26 02,6,3,9,0.6666666666666666,True,12.744137931034484,9.0,22.0,False,False
2022-10-26 03,3,2,5,0.6,True,12.885394828791055,8.0,24.5,False,False
2022-10-26 04,17,11,39,0.4358974358974359,True,13.397466216216216,5.0,20.5,False,False
2022-10-26 05,43,28,88,0.48863636363636365,True,13.601117544095866,7.0,23.0,False,False
2022-10-26 06,121,71,253,0.4782608695652174,True,14.162474773899394,6.5,24.0,False,False
2022-10-26 07,323,159,666,0.484984984984985,True,14.111810052420598,5.0,28.0,False,False
2022-10-26 08,286,106,536,0.5335820895522388,True,14.872492751556633,7.0,30.0,False,False
2022-10-26 09,159,27,245,0.6489795918367347,True,16.492520945305092,11.0,28.5,False,False
2022-10-26 10,134,27,193,0.694300518134715,True,17.651949595815502,11.0,32.0,False,False
2022-10-26 11,438,258,802,0.5461346633416458,True,17.887142603445213,11.5,40.0,False,False
2022-10-26 12,5460,5065,11396,0.47911547911547914,True,15.10023139858406,11.0,40.0,False,False
2022-10-26 13,4605,4241,10090,0.45639246778989095,True,14.020550384835767,11.5,35.5,False,False
2022-10-26 14,5609,5196,12121,0.4627505981354674,True,14.10243814652874,11.5,48.5,False,False
2022-10-26 15,4721,4231,10419,0.45311450235147327,True,14.207430938073777,11.5,27.5,False,False
2022-10-26 16,3021,2469,6504,0.46448339483394835,True,14.6650298908149,11.5,30.5,False,False
2022-10-26 17,2528,2085,5390,0.46901669758812614,True,14.438720236760684,10.0,28.0,False,False
2022-10-26 18,1774,1469,3821,0.4642763674430777,True,14.061507882111036,8.5,37.5,False,False
2022-10-26 19,1260,1008,2528,0.49841772151898733,True,13.456129479094521,8.5,32.0,False,False
2022-10-26 20,939,804,1966,0.47761953204476093,True,12.521926001623035,8.5,25.0,False,False
2022-10-26 21,380,298,783,0.48531289910600256,True,11.472934402834506,6.0,26.0,False,False
2022-10-26 22,208,166,431,0.48259860788863107,True,10.87910131819494,6.5,32.5,False,False
2022-10-26 23,66,41,128,0.515625,True,10.402640264026402,6.5,23.5,False,False
2022-10-27 00,13,5,24,0.5416666666666666,True,9.527412692452122,7.0,14.5,False,False
2022-10-27 01,5,1,6,0.8333333333333334,True,9.357899807321772,7.5,16.5,False,False
2022-10-27 02,7,4,11,0.6363636363636364,True,8.491097922848665,7.0,12.5,False,False
2022-10-27 03,7,1,9,0.7777777777777778,True,8.146265560165975,6.5,17.0,False,False
2022-10-27 04,18,2,28,0.6428571428571429,True,7.8985798085828955,6.0,16.5,False,False
2022-10-27 05,39,9,67,0.582089552238806,True,7.632749611636775,4.0,19.0,False,False
2022-10-27 06,155,43,260,0.5961538461538461,True,7.4086124784888145,3.0,21.5,False,False
2022-10-27 07,415,103,629,0.6597774244833068,True,7.244982325804326,1.5,19.5,False,False
2022-10-27 08,369,78,573,0.643979057591623,True,7.0377273392169295,2.0,29.0,False,False
2022-10-27 09,225,27,302,0.7450331125827815,True,7.467907318721062,3.5,23.5,False,False
2022-10-27 10,191,28,279,0.6845878136200717,True,8.451810856834323,4.0,23.0,False,False
2022-10-27 11,234,22,319,0.7335423197492164,True,9.33298364993857,4.0,25.0,False,False
2022-10-27 12,312,26,415,0.7518072289156627,True,10.06525317851106,6.0,26.5,False,False
2022-10-27 13,296,29,406,0.729064039408867,True,10.63534612176814,6.5,27.0,False,False
2022-10-27 14,306,21,411,0.7445255474452555,True,11.04693153702035,6.0,28.5,False,False
2022-10-27 15,375,23,489,0.7668711656441718,True,11.104914982420791,6.0,30.5,False,False
2022-10-27 16,417,24,552,0.7554347826086957,True,10.77221561270248,6.0,31.0,False,False
2022-10-27 17,427,43,581,0.7349397590361446,True,9.913389595570498,4.5,25.0,False,False
2022-10-27 18,305,21,404,0.754950495049505,True,8.54267235549435,2.5,26.0,False,False
2022-10-27 19,206,13,275,0.7490909090909091,True,6.837298741349016,0.5,29.0,False,False
2022-10-27 20,138,22,193,0.7150259067357513,True,5.597011940810146,-1.0,22.5,False,False
2022-10-27 21,72,5,108,0.6666666666666666,True,4.977117271172712,-1.0,21.0,True,False
2022-10-27 22,54,19,94,0.574468085106383,True,4.379540598290598,-1.5,17.0,True,False
2022-10-27 23,30,10,62,0.4838709677419355,True,3.5874816386486046,-1.0,14.5,True,False
2022-10-28 00,15,5,26,0.5769230769230769,True,3.11897738446411,-1.0,11.5,True,False
2022-10-28 01,9,4,25,0.36,True,2.663525216505349,-1.5,11.0,True,False
2022-10-28 02,6,3,13,0.46153846153846156,True,2.6448467966573816,-1.5,10.0,True,False
2022-10-28 03,13,12,31,0.41935483870967744,True,0.8800773694390716,-2.0,14.0,True,False
2022-10-28 04,49,41,117,0.4188034188034188,True,0.6819495533368366,-2.5,11.0,True,False
2022-10-28 05,52,39,156,0.3333333333333333,True,0.8843782889791009,-4.0,20.0,True,False
2022-10-28 06,278,233,744,0.3736559139784946,True,0.9152877697841727,-4.5,19.0,True,False
2022-10-28 07,771,645,2139,0.36044880785413747,True,0.9344455011359434,-4.0,18.5,True,False
2022-10-28 08,442,314,1198,0.36894824707846413,True,1.6170394710263005,-3.0,24.5,True,False
2022-10-28 09,282,138,608,0.46381578947368424,True,3.588073998245101,-1.5,24.0,True,False
2022-10-28 10,202,70,396,0.51010101010101,True,6.9172866990841095,0.5,25.0,False,False
2022-10-28 11,196,21,270,0.725925925925926,True,9.168451975200442,0.0,23.5,False,False
2022-10-28 12,219,24,296,0.7398648648648649,True,11.011134395267716,3.5,30.0,False,False
2022-10-28 13,199,16,260,0.7653846153846153,True,12.417927609896147,7.0,29.0,False,False
2022-10-28 14,217,21,288,0.7534722222222222,True,12.954923981969593,6.5,28.0,False,False
2022-10-28 15,229,20,304,0.7532894736842105,True,12.752437643974899,7.5,34.5,False,False
2022-10-28 16,242,11,317,0.7634069400630915,True,12.380464442311673,8.0,30.5,False,False
2022-10-28 17,243,9,310,0.7838709677419354,True,11.737576543154695,6.0,37.5,False,False
2022-10-28 18,166,5,195,0.8512820512820513,True,10.1494437545607,4.0,30.5,False,False
2022-10-28 19,138,5,189,0.7301587301587301,True,9.336833069202324,2.0,34.0,False,False
