cluster_id,event_count,center_lat,center_lon,avg_speed,avg_accelX,top_postal,abs_count,esc_count,aeb_count,unique_dates,unique_journeys
0,208,42.76690206250001,-78.64494300480769,28.673846153846153,-1.2423076923076921,14052,70,138,0,17,33
7,155,42.880941864516124,-78.87481539354839,30.325677419354836,-1.7406451612903222,14203,153,2,0,28,75
25,72,42.8949715,-78.86764809722223,42.08444444444444,-1.8519444444444444,14203,70,2,0,21,35
56,72,42.94575997222222,-78.72476799999998,28.11111111111111,-1.7893055555555553,14225,72,0,0,20,36
523,66,42.92374362121212,-78.62264524242423,33.45454545454545,-2.063787878787879,14086,66,0,0,15,33
71,55,42.991619054545446,-78.78944152727274,42.95563636363638,-2.716727272727273,14261,46,4,5,15,24
76,50,42.95659266,-78.87809354,33.5168,-2.1184,14216,50,0,0,17,25
91,50,42.88437046,-78.86821721999999,32.812799999999996,-2.8598000000000003,14203,50,0,0,18,25
20,44,42.93023422727272,-78.85200577272727,28.99636363636364,-2.6447727272727275,14214,38,6,0,15,20
372,40,43.003211625,-78.854222425,22.848000000000003,-0.9564999999999999,14150,40,0,0,11,20
260,40,42.936710025000004,-78.88859015,33.032,-1.777,14207,40,0,0,16,20
61,38,42.9314962368421,-78.90074378947368,67.11578947368422,-1.8605263157894734,14207,38,0,0,13,19
82,30,42.94669856666667,-78.8734556,33.90933333333333,-1.3416666666666666,14216,20,10,0,11,14
206,28,42.88405410714286,-78.76638849999999,40.63999999999999,-1.637857142857143,14227,28,0,0,12,14
17,26,42.896191076923074,-78.81403961538462,45.96923076923077,-1.7357692307692312,14212,26,0,0,8,12
390,26,42.95374653846154,-78.6967876923077,34.744615384615386,-2.2015384615384614,14221,24,2,0,9,13
348,26,42.963275346153836,-78.67720338461538,18.76923076923077,-2.6834615384615383,14221,26,0,0,11,12
147,26,42.94312323076924,-78.84409907692309,43.113846153846154,-1.2807692307692309,14214,26,0,0,10,13
68,24,42.927236916666665,-78.753555875,37.68,-1.96375,14225,24,0,0,10,12
525,24,42.9209035,-78.63758233333333,28.706666666666667,-2.0429166666666667,14086,24,0,0,9,12
589,24,42.92093975,-78.64242908333334,32.2,-1.835,14086,24,0,0,10,12
292,24,42.892656249999995,-78.88454670833333,33.45333333333334,-2.0233333333333334,14201,24,0,0,10,12
95,22,42.82198177272727,-78.63671822727274,37.018181818181816,-2.0772727272727276,14059,22,0,0,6,11
14,22,43.005461727272724,-78.64680695454544,6.370909090909091,-2.937727272727273,14032,22,0,0,9,9
5,22,42.889494636363644,-78.88009004545455,35.66545454545455,-1.260909090909091,14201,20,2,0,11,11
66,22,42.99141313636363,-78.82102895454545,28.974545454545456,-1.5118181818181817,14226,22,0,0,9,11
173,20,42.727529249999996,-78.64716665,33.168000000000006,-1.7439999999999998,14052,8,12,0,5,6
252,18,42.980018,-78.81575500000001,31.733333333333334,-2.256666666666667,14226,18,0,0,9,9
29,18,42.88890177777778,-78.86849711111111,40.99555555555555,-1.7844444444444447,14203,14,4,0,6,8
34,18,42.941768388888896,-78.87860922222222,27.200000000000003,-1.7349999999999999,14207,18,0,0,7,9
83,18,42.93274538888889,-78.81333705555555,27.84,-2.078888888888889,14215,18,0,0,9,9
438,18,42.82878011111111,-78.78656922222223,24.995555555555555,-1.7872222222222223,14224,18,0,0,7,9
220,18,42.899406388888885,-78.87493005555555,22.915555555555557,-1.9622222222222223,14201,18,0,0,8,9
330,18,42.962291722222226,-78.8138805,32.72888888888889,-2.0994444444444444,14226,18,0,0,8,9
354,16,42.957572812500004,-78.81870656250001,27.62,-2.181875,14214,16,0,0,7,8
343,16,42.9776945,-78.72469525,14.3,-1.8312500000000003,14221,16,0,0,7,8
479,16,42.9182980625,-78.6578273125,16.740000000000002,-1.81125,14086,16,0,0,7,8
70,16,42.7972725,-78.75033275,21.060000000000002,-2.0543750000000003,14127,16,0,0,8,8
31,14,43.12246921428571,-78.69648114285714,18.76571428571429,-2.2021428571428574,14094,14,0,0,7,7
456,14,42.94869978571428,-78.86862999999998,23.97714285714286,-1.8900000000000001,14216,14,0,0,6,7
638,14,42.94050221428571,-78.84382471428573,19.45142857142857,-1.2471428571428569,14214,14,0,0,6,7
637,14,42.920813571428575,-78.86377992857142,23.90857142857143,-1.8607142857142858,14209,14,0,0,6,7
94,14,42.89701607142856,-78.85405057142859,40.31999999999999,-2.027142857142857,14211,14,0,0,6,7
492,14,42.902572071428565,-78.8398322142857,32.89142857142857,-2.4857142857142853,14211,14,0,0,7,7
65,14,43.20107985714286,-78.88563614285715,38.971428571428575,-1.657142857142857,14131,14,0,0,6,7
267,14,42.91565114285714,-78.87612892857145,25.34857142857143,-2.607142857142857,14222,14,0,0,6,7
331,14,42.97783092857143,-78.78145192857143,31.702857142857145,-2.6700000000000004,14221,14,0,0,7,7
1,14,42.94757871428571,-78.84226814285715,22.65142857142857,-1.3478571428571429,14216,14,0,0,6,7
172,14,42.77122707142858,-78.59535857142858,14.582857142857142,-0.5021428571428571,14052,14,0,0,6,7
161,14,42.876961785714286,-78.79250528571428,51.040000000000006,-0.6064285714285713,14206,14,0,0,5,7
212,14,42.95775028571428,-78.85876250000001,29.622857142857146,-1.3507142857142858,14216,12,2,0,6,7
211,14,43.0476995,-78.4993135,47.40571428571429,-1.9049999999999996,14001,14,0,0,5,7
268,14,43.08466549999999,-78.78814264285715,15.588571428571429,-1.1864285714285714,14120,14,0,0,6,7
1006,14,43.2865715,-78.71027107142856,22.400000000000002,-1.78,14108,14,0,0,6,7
381,14,42.961168,-78.66255414285715,26.788571428571426,-2.027142857142857,14221,8,6,0,6,6
306,14,42.942558000000005,-78.86790764285715,32.480000000000004,-2.6485714285714286,14216,14,0,0,6,7
281,12,43.01180525,-78.82232275,29.52,-2.5274999999999994,14228,12,0,0,4,6
121,12,42.91514974999999,-78.86475983333332,28.55999999999999,-2.143333333333333,14209,12,0,0,5,6
294,12,42.99522425,-78.74565408333332,14.053333333333333,-0.6166666666666667,14221,12,0,0,5,6
251,12,42.97984825,-78.79895558333332,28.05333333333333,-3.209166666666667,14226,8,0,4,4,5
242,12,42.92906475,-78.89688366666667,36.45333333333333,-2.213333333333333,14207,10,2,0,5,6
356,12,42.868946333333334,-78.82221450000002,34.32,-3.0499999999999994,14210,12,0,0,4,5
405,12,42.98752324999999,-78.81762541666667,25.386666666666667,-1.2491666666666665,14226,12,0,0,5,6
100,12,42.959685,-78.76396383333335,26.826666666666668,-1.7033333333333331,14221,12,0,0,6,6
412,12,42.849747666666666,-78.78889691666667,76.39999999999999,-1.9441666666666668,14224,10,2,0,6,6
97,12,42.97689691666667,-78.8636225,12.373333333333333,-0.6341666666666667,14223,12,0,0,6,6
521,12,42.99080733333333,-78.80561924999999,19.653333333333332,-1.939166666666667,14226,12,0,0,5,6
51,12,42.980637916666666,-78.85847016666666,31.84,-2.0974999999999997,14223,10,2,0,6,6
9,12,42.96966916666667,-78.68667258333333,13.893333333333333,-1.9983333333333333,14221,12,0,0,4,4
120,12,42.996979,-78.85199424999999,35.76,-1.14,14150,12,0,0,6,6
235,12,43.121901083333334,-79.03600441666667,24.400000000000002,-2.5466666666666664,14305,12,0,0,4,6
191,12,42.919037333333335,-78.73724066666666,21.41333333333333,-1.9408333333333336,14225,10,2,0,5,6
593,10,43.060394800000005,-78.84095909999999,26.848000000000003,-2.1670000000000003,14120,6,0,4,4,4
600,10,42.769920199999994,-78.81107429999999,47.648,-3.6620000000000013,14075,10,0,0,5,5
154,10,43.08580200000001,-78.697153,54.208000000000006,-1.795,14051,10,0,0,5,5
151,10,42.96351940000001,-78.8783777,33.727999999999994,-2.738,14217,10,0,0,4,5
197,10,43.1855908,-78.7546265,15.904000000000002,-1.4129999999999998,14094,10,0,0,5,5
179,10,42.7720145,-78.6340347,50.65599999999999,-2.157,14052,10,0,0,5,5
265,10,42.8820203,-78.64069370000001,17.183999999999997,-2.1479999999999997,14086,10,0,0,4,5
374,10,43.1727299,-79.0315208,34.367999999999995,-1.8250000000000004,14092,10,0,0,5,5
682,10,42.876848300000006,-78.6968335,20.000000000000004,-1.77,14043,8,2,0,3,4
46,10,42.9738285,-78.8584178,30.304000000000002,-1.416,14223,10,0,0,5,5
736,10,42.7897433,-78.8114531,28.383999999999997,-1.3669999999999998,14219,10,0,0,3,5
706,10,43.252905399999996,-79.0343058,56.160000000000004,-0.748,14174,10,0,0,5,5
940,10,43.003347299999994,-78.64969110000001,15.456,-3.5549999999999997,14032,10,0,0,5,5
259,10,42.9054632,-78.72823869999999,38.848000000000006,-2.022,14227,10,0,0,5,5
554,10,42.9407225,-78.8376898,44.25599999999999,-3.166,14214,10,0,0,4,5
495,10,42.963205,-78.7829801,35.519999999999996,-1.775,14226,10,0,0,4,5
447,10,42.829692300000005,-78.77649419999999,24.991999999999997,-1.172,14224,10,0,0,5,5
471,10,42.965671900000004,-78.7276143,11.84,-0.876,14221,10,0,0,4,5
538,10,42.8734269,-78.8142318,63.839999999999996,-1.614,14206,10,0,0,4,5
622,10,43.0053657,-78.8223493,38.368,-2.981,14150,10,0,0,5,5
575,10,43.0036111,-78.82828669999999,31.423999999999996,-2.322,14150,4,2,4,4,4
52,10,43.058718199999994,-78.83683479999999,30.399999999999995,-1.291,14120,10,0,0,5,5
436,10,42.99473220000001,-78.8742201,52.864,-1.5930000000000002,14150,10,0,0,5,5
458,10,43.1071763,-79.00585989999999,53.791999999999994,-1.8319999999999996,14304,10,0,0,5,5
315,10,43.1211828,-79.0443791,24.928,-1.21,14305,10,0,0,5,5
367,10,42.980588,-78.8260469,29.568,-1.9260000000000002,14150,10,0,0,5,5
262,10,43.0015779,-78.8223892,45.312,-2.298,14150,10,0,0,5,5
128,10,42.9178883,-78.6968249,24.416,-2.0029999999999997,14043,10,0,0,5,5
401,10,42.877519,-78.86265879999999,46.912,-2.6430000000000002,14204,10,0,0,5,5
111,10,42.8678896,-78.70998879999999,44.32000000000001,-1.0059999999999998,14227,10,0,0,4,5
37,8,42.843183124999996,-78.7914175,37.8,-1.98875,14224,8,0,0,4,4
35,8,42.922256250000004,-78.8771295,22.64,-2.6487499999999997,14222,8,0,0,3,4
722,8,42.871168624999996,-78.82057275,54.08,-1.3187499999999999,14206,8,0,0,4,4
705,8,42.767090249999995,-78.63047625,23.84,-2.88,14052,6,2,0,4,4
815,8,42.838442125,-78.807640375,29.080000000000002,-2.8200000000000003,14220,8,0,0,4,4
767,8,42.989356875,-78.696768875,23.72,-1.34625,14221,8,0,0,4,4
764,8,42.808856625,-78.823908375,23.4,-1.8725,14218,8,0,0,4,4
761,8,42.784628,-78.811932,23.04,-2.1725,14219,8,0,0,4,4
16,8,42.904825375,-78.81462925,32.24,-2.1225,14211,8,0,0,4,4
824,8,42.902293625,-78.67364162499999,24.44,-1.3074999999999999,14086,8,0,0,3,4
612,8,42.944424999999995,-78.67716887499999,27.68,-1.1925,14026,6,2,0,4,4
607,8,42.950845,-78.82604325,36.96,-1.1412499999999999,14214,8,0,0,4,4
634,8,42.9452695,-78.907517125,40.2,-1.6175,14207,6,2,0,4,4
57,8,42.9636395,-78.84388275,15.040000000000001,-0.5437500000000001,14223,8,0,0,4,4
572,8,42.929559499999996,-78.8292875,32.44,-2.04875,14215,8,0,0,4,4
556,8,43.082123249999995,-79.05053525,23.0,-1.53625,14303,8,0,0,4,4
386,8,42.91336575,-78.67907124999999,26.2,-1.4700000000000002,14043,8,0,0,4,4
80,8,42.922293124999996,-78.84403999999999,63.519999999999996,-2.9775,14208,6,2,0,3,3
428,8,42.199314875,-79.74687212500001,17.32,-1.5275,14775,8,0,0,3,4
87,8,43.06751,-78.77058025,47.6,-4.10625,14228,6,0,2,3,3
81,8,42.921841125,-78.86813099999999,27.76,-2.1812500000000004,14209,8,0,0,4,4
411,8,42.956530375,-78.716587,68.4,-1.1837499999999999,14221,8,0,0,4,4
496,8,42.77786625,-78.78976912499999,23.560000000000002,-2.43875,14127,8,0,0,4,4
484,8,42.73164725,-78.64512075,14.879999999999999,-1.9812500000000002,14052,6,2,0,3,3
486,8,42.947663625,-78.859323125,41.6,-1.7675,14216,8,0,0,4,4
59,8,42.86812175,-78.698097625,19.32,-1.5550000000000002,14043,8,0,0,4,4
63,8,42.942322875,-78.856176875,25.16,-2.0625,14216,8,0,0,4,4
590,8,42.749406125,-78.85415325,56.879999999999995,-2.5075000000000003,14075,8,0,0,4,4
632,8,42.916526125,-78.672456625,26.36,-2.17625,14086,8,0,0,4,4
618,8,42.909390625,-78.76449687499999,57.239999999999995,-1.86625,14225,4,4,0,2,4
351,8,43.036722749999996,-78.823033125,19.28,-2.9275,14228,4,0,4,3,3
318,8,42.956460125,-78.78321324999999,25.880000000000003,-2.8375,14226,8,0,0,4,4
269,8,42.848034625,-78.811957375,31.919999999999998,-1.9737500000000001,14220,8,0,0,4,4
300,8,42.922006625,-78.493583625,32.76,-3.0524999999999998,14004,8,0,0,3,4
303,8,42.932736874999996,-78.732601125,18.32,0.26249999999999996,14225,6,2,0,3,3
272,8,43.15982399999999,-78.69713562499999,28.400000000000002,-1.5587499999999999,14094,6,2,0,4,4
298,8,42.853420625,-78.754692875,29.919999999999998,-2.8025,14224,8,0,0,4,4
360,8,43.0067805,-78.860092,19.759999999999998,-1.8437499999999998,14150,8,0,0,4,4
376,8,42.982369500000004,-78.69681925,24.759999999999998,-0.3437499999999999,14221,6,2,0,4,4
230,8,42.78881,-78.72635575000001,30.439999999999998,-2.415,14127,8,0,0,4,4
146,8,42.99934825,-78.63755950000001,21.240000000000002,-3.13375,14032,8,0,0,4,4
248,8,42.684661250000005,-78.566399375,20.0,-1.4425,14080,8,0,0,4,4
239,8,42.91583325,-78.805817875,41.16,-1.4524999999999997,14211,6,2,0,3,4
183,8,42.93199075,-78.768121125,45.6,-2.9074999999999998,14225,4,4,0,4,4
190,8,42.0977695,-79.2908435,14.159999999999998,-1.095,14701,8,0,0,4,4
145,8,42.827952249999996,-78.80424174999999,20.96,-1.6575,14218,8,0,0,4,4
12,8,42.956900125,-78.67697175,12.4,-2.8762499999999998,14221,8,0,0,4,4
4,8,42.95331025,-78.85140412499999,19.799999999999997,-1.1475,14216,8,0,0,4,4
164,7,43.17650642857143,-78.8552382857143,29.98857142857143,-4.72,14132,4,0,3,2,2
237,7,42.998966714285714,-78.95036514285714,48.59428571428571,-4.418571428571428,14072,0,0,7,2,2
757,6,42.82707666666666,-78.82444116666666,31.680000000000003,-1.8783333333333332,14218,6,0,0,3,3
434,6,42.882722333333334,-78.80031083333334,18.72,-0.9750000000000001,14206,6,0,0,3,3
677,6,43.099305166666674,-78.94118266666668,30.02666666666667,-1.75,14304,6,0,0,3,3
276,6,42.90061183333333,-78.869061,34.88,-1.4966666666666664,14203,6,0,0,3,3
129,6,42.90445016666666,-78.86833,20.48,-4.163333333333333,14209,6,0,0,3,3
130,6,42.94104949999999,-78.81368049999999,41.81333333333333,-1.468333333333333,14215,6,0,0,3,3
687,6,42.97976450000001,-78.878227,28.799999999999997,-1.2916666666666667,14217,6,0,0,3,3
656,6,42.97789916666667,-78.677835,28.906666666666666,-2.016666666666667,14221,6,0,0,3,3
445,6,43.011597,-78.69659233333333,18.826666666666668,-1.3966666666666665,14051,6,0,0,3,3
141,6,42.87227566666666,-78.87156383333334,20.8,-1.656666666666667,14203,6,0,0,2,3
256,6,42.977895999999994,-78.607675,11.733333333333333,-1.0016666666666667,14031,6,0,0,3,3
462,6,43.0413145,-78.71412433333333,14.506666666666666,-0.5633333333333334,14051,6,0,0,3,3
1055,6,42.83254899999999,-78.80581883333333,34.77333333333333,-1.0483333333333336,14220,4,2,0,2,3
144,6,42.92905,-78.69701199999999,14.933333333333332,-3.1983333333333337,14043,6,0,0,2,3
1176,6,42.934977333333336,-78.74418183333333,38.24,-1.64,14225,6,0,0,2,3
491,6,42.990952666666665,-78.72469833333334,19.68,-1.88,14221,6,0,0,3,3
488,6,42.825701666666674,-78.79110233333334,77.49333333333334,-4.413333333333333,14218,2,4,0,2,2
643,6,42.80459116666666,-78.66070016666666,17.493333333333336,-1.01,14059,6,0,0,3,3
769,6,43.000118833333325,-78.71084716666667,15.840000000000002,-1.4583333333333333,14221,6,0,0,3,3
477,6,42.98074666666667,-78.84536366666666,17.653333333333332,-0.6549999999999999,14150,4,2,0,3,3
198,6,42.78993833333333,-78.78398483333335,33.81333333333333,-1.2133333333333336,14127,6,0,0,3,3
201,6,42.84264866666666,-78.81542933333333,19.466666666666665,-1.7033333333333338,14220,6,0,0,3,3
516,6,42.62904616666666,-78.73697333333332,37.65333333333333,-1.9483333333333333,14025,6,0,0,3,3
850,6,42.78144683333333,-78.81137,23.52,-2.543333333333333,14219,6,0,0,3,3
628,6,42.90987716666666,-78.86580716666667,23.52,-1.4666666666666668,14209,6,0,0,3,3
210,6,43.17132316666667,-79.0355235,29.333333333333332,-1.3233333333333333,14092,6,0,0,3,3
786,6,42.97800533333333,-78.80880516666666,16.0,-0.375,14226,6,0,0,3,3
944,6,42.11409716666667,-79.21671083333334,48.906666666666666,-1.1633333333333333,14701,6,0,0,3,3
75,6,42.943357666666664,-78.88362516666668,27.733333333333334,-1.575,14207,6,0,0,3,3
457,6,43.11332099999999,-78.714142,16.64,-0.6616666666666665,14094,6,0,0,3,3
900,6,42.93744483333333,-78.84899066666667,19.52,-2.4683333333333333,14214,6,0,0,3,3
355,6,42.912433166666666,-78.81375266666666,26.773333333333337,-1.6450000000000002,14211,6,0,0,3,3
727,6,42.99868816666666,-78.7447335,27.626666666666665,-0.7666666666666666,14221,4,2,0,2,3
726,6,42.9304265,-78.73802783333333,58.72,-2.256666666666667,14225,4,2,0,3,3
40,6,42.740017333333334,-78.79830399999999,20.58666666666667,-1.7816666666666665,14075,6,0,0,3,3
345,6,42.99413933333333,-78.87896983333333,35.73333333333333,-2.0566666666666666,14150,6,0,0,3,3
902,6,42.63699149999999,-78.90197233333333,18.88,-1.4066666666666665,14057,6,0,0,3,3
344,6,42.880449166666665,-78.69726416666667,21.493333333333336,-3.1,14043,6,0,0,3,3
42,6,42.991363166666666,-78.71991183333334,26.986666666666668,-2.12,14221,6,0,0,3,3
366,6,42.97556533333333,-78.87875216666667,34.18666666666666,-1.0999999999999999,14217,6,0,0,3,3
708,6,42.976635166666675,-78.6866025,3.4133333333333336,-0.4633333333333332,14221,6,0,0,3,3
388,6,42.70762666666667,-78.67369466666666,27.733333333333334,-2.1616666666666666,14170,6,0,0,3,3
122,6,42.13004183333333,-79.241734,32.373333333333335,-5.4799999999999995,14701,2,0,4,1,1
385,6,42.80534666666667,-78.69621116666666,8.159999999999998,-1.7083333333333337,14127,6,0,0,2,3
891,6,42.802619166666666,-78.6059535,26.506666666666664,-4.073333333333333,14052,2,0,4,1,1
127,6,42.37951666666667,-79.34718283333332,16.0,-1.095,14063,6,0,0,3,3
714,6,42.95053099999999,-78.77531499999999,44.96000000000001,-1.67,14226,6,0,0,3,3
322,6,42.83367283333333,-78.69651016666666,63.093333333333334,-2.0466666666666664,14224,4,2,0,3,3
106,6,42.908648166666666,-78.88675533333334,30.933333333333337,-1.8033333333333335,14213,6,0,0,3,3
105,6,42.83942333333334,-78.636967,21.76,-1.2049999999999998,14059,6,0,0,3,3
307,6,42.874652000000005,-78.86254883333332,45.01333333333334,-2.025,14204,6,0,0,3,3
103,6,42.86569983333333,-78.7917935,80.37333333333332,-2.7083333333333335,14224,4,2,0,2,2
312,6,42.95889833333333,-78.81384733333333,45.06666666666666,-2.7383333333333333,14215,6,0,0,3,3
314,6,42.80726466666666,-78.75192683333333,14.4,-0.345,14224,6,0,0,3,3
319,6,42.91316966666667,-78.67222416666667,25.22666666666667,-1.3716666666666668,14086,6,0,0,3,3
1104,6,42.66909999999999,-78.71772366666666,31.413333333333338,-3.2416666666666667,14033,0,0,6,2,2
400,6,42.803581333333334,-78.75232016666666,17.226666666666667,-1.21,14127,6,0,0,3,3
291,6,43.182503,-78.7670815,6.666666666666667,-1.8433333333333335,14094,6,0,0,3,3
32,6,43.052249499999995,-78.80051983333333,13.12,-2.0416666666666665,14228,6,0,0,3,3
672,6,42.977633,-78.7396885,33.973333333333336,-2.0083333333333333,14221,6,0,0,3,3
126,6,43.051423,-78.71391766666666,19.466666666666665,-1.9433333333333334,14051,6,0,0,3,3
526,6,42.904762833333336,-78.89015916666666,21.813333333333336,-1.3033333333333335,14213,6,0,0,3,3
520,6,42.97169316666666,-78.67707999999999,18.56,-1.6533333333333335,14221,6,0,0,3,3
585,6,42.998808499999996,-78.697093,18.400000000000002,-0.6483333333333334,14221,6,0,0,3,3
811,6,43.17277783333333,-78.989379,36.90666666666667,-4.866666666666666,14092,4,2,0,1,1
519,6,43.1100405,-79.03095066666667,43.25333333333333,-1.7083333333333333,14305,6,0,0,3,3
168,6,43.04616016666666,-78.70691866666665,13.813333333333333,-0.9116666666666667,14051,6,0,0,3,3
828,6,42.57204616666667,-79.0833135,82.77333333333334,-3.8550000000000004,14081,2,2,2,1,1
584,6,42.796135666666665,-78.79466433333333,43.199999999999996,-3.465,14127,6,0,0,3,3
163,6,43.05291683333334,-78.7279685,57.173333333333325,-3.9683333333333333,14051,6,0,0,3,3
797,6,42.97886216666666,-78.71690516666666,16.533333333333335,-0.48500000000000004,14221,6,0,0,3,3
596,6,42.90348283333333,-78.88784166666667,34.18666666666667,-2.7516666666666665,14201,6,0,0,3,3
178,6,43.030208833333326,-78.69769033333334,15.36,-0.9066666666666666,14051,4,2,0,3,3
613,6,42.96577616666667,-78.69606166666667,25.653333333333336,-0.9683333333333334,14221,4,2,0,3,3
570,6,42.63840016666666,-79.047612,25.066666666666666,-1.6416666666666666,14006,6,0,0,3,3
857,6,42.99140216666666,-78.77806466666667,39.62666666666667,-2.6616666666666666,14221,6,0,0,3,3
184,6,42.95660883333333,-78.86992516666666,32.800000000000004,-2.026666666666667,14216,6,0,0,3,3
614,6,42.85911616666667,-78.82507116666666,29.706666666666663,-1.8283333333333331,14220,6,0,0,3,3
48,6,42.95394433333333,-78.79400199999999,13.173333333333334,0.016666666666666607,14226,6,0,0,3,3
580,6,43.01009583333333,-78.64783666666666,24.373333333333335,-3.1166666666666667,14032,4,2,0,3,3
543,6,42.965047166666665,-78.68265050000001,18.933333333333334,-1.5766666666666669,14221,6,0,0,3,3
22,6,42.949450333333324,-78.76617833333333,64.64,-1.9483333333333335,14225,6,0,0,2,3
610,6,43.009565333333335,-78.65256333333333,5.44,-2.3733333333333335,14032,6,0,0,3,3
819,6,43.10214449999999,-78.97962883333332,17.12,-1.26,14304,6,0,0,3,3
357,6,42.92253816666667,-78.85553366666666,20.426666666666666,-2.105,14208,6,0,0,3,3
11,6,42.966758999999996,-78.68487683333335,21.173333333333336,-0.014999999999999902,14221,2,4,0,3,3
784,6,42.932885999999996,-78.784172,16.69333333333333,-1.8266666666666669,14215,4,2,0,2,2
597,6,42.91253683333334,-78.732674,63.35999999999999,-1.5616666666666665,14043,6,0,0,3,3
817,6,42.803880166666666,-78.73656933333332,21.439999999999998,-3.515,14127,6,0,0,3,3
67,6,43.20984116666667,-78.79785233333334,34.559999999999995,-1.7033333333333331,14094,6,0,0,3,3
582,5,42.880629000000006,-78.6814498,29.056,-2.9779999999999998,14086,2,0,3,2,2
840,5,42.9466286,-78.5940122,25.088,-2.298,14086,2,0,3,2,2
1000,5,42.9546634,-78.7664186,47.67999999999999,-4.774,14226,0,0,5,2,2
935,5,43.253933399999994,-78.98281300000001,44.032,-6.825999999999999,14174,2,0,3,1,1
55,4,42.98108175,-78.88493025,38.0,-2.2025,14217,2,2,0,2,2
571,4,43.02414625,-78.8787545,13.2,-0.6475000000000001,14120,4,0,0,2,2
536,4,43.02248325,-78.87477075000001,12.96,-0.185,14120,4,0,0,2,2
695,4,43.0695865,-78.877656,14.559999999999999,-0.72,14120,4,0,0,2,2
693,4,42.8736495,-78.85832599999999,58.720000000000006,-3.7125,14204,4,0,0,2,2
347,4,43.08476425,-79.06149049999999,10.24,-2.6875,14303,4,0,0,2,2
399,4,42.96653925,-78.66221374999999,18.8,-1.1525,14221,4,0,0,2,2
696,4,43.27599975,-78.69906725,20.32,-0.58,14108,4,0,0,2,2
569,4,43.05236225,-78.87792375,36.16,-1.69,14120,4,0,0,2,2
38,4,43.14593325,-78.69445025,18.16,-1.295,14094,4,0,0,2,2
698,4,42.686201249999996,-78.7769575,25.68,-1.7175000000000002,14075,4,0,0,2,2
701,4,43.0455385,-78.86495074999999,15.6,-1.1175000000000002,14120,4,0,0,2,2
389,4,42.9719665,-78.66684475,16.64,-0.54,14221,4,0,0,2,2
1080,4,43.221953000000006,-78.71174425,56.16,-5.035,14094,2,0,2,1,1
424,4,42.07549475,-78.4385035,12.559999999999999,-2.2125,14760,4,0,0,2,2
1141,4,42.99193475,-78.81195225,16.080000000000002,-1.0299999999999998,14226,4,0,0,2,2
53,4,43.20235175,-78.82564975,48.8,-1.2425,14094,4,0,0,2,2
1081,4,43.00741825,-78.92892825,44.64,-2.6475000000000004,14072,2,2,0,1,1
23,4,42.98572675,-78.8658455,11.12,-0.31250000000000006,14223,4,0,0,2,2
703,4,42.95655349999999,-78.773299,29.759999999999998,-2.4825,14226,4,0,0,2,2
421,4,42.976204,-78.6175165,20.159999999999997,-1.4375000000000002,14031,4,0,0,2,2
541,4,42.945438499999995,-78.8576735,49.67999999999999,-0.7975,14216,4,0,0,2,2
396,4,42.786822,-78.70559775,15.84,-0.9225000000000001,14127,4,0,0,2,2
897,4,42.7536585,-78.606959,42.64,-2.4225,14052,4,0,0,2,2
371,4,43.04518325,-78.87551325,28.64,-1.4075,14120,4,0,0,2,2
707,4,42.9782,-78.68329874999999,41.760000000000005,-2.5625,14221,4,0,0,2,2
1123,4,43.07543225,-78.99105725,47.68,-1.0074999999999998,14304,2,2,0,2,2
375,4,42.97304,-78.87867274999999,45.76,-1.36,14217,4,0,0,2,2
963,4,42.902841249999994,-78.6705515,23.52,-1.2825,14086,4,0,0,2,2
561,4,42.947729,-78.88343275,43.04,-1.0775,14207,4,0,0,2,2
562,4,42.9328195,-78.84607499999998,25.919999999999998,-2.6499999999999995,14214,4,0,0,2,2
1118,4,42.998247,-78.50198925,14.400000000000002,-0.7749999999999999,14001,4,0,0,1,2
710,4,42.92863975,-78.78393125,17.919999999999998,-0.7975,14225,4,0,0,2,2
1095,4,42.7583895,-78.53138,20.48,-5.03,14052,2,0,2,1,1
378,4,42.9617195,-78.75061749999999,22.319999999999997,-3.0325,14221,4,0,0,2,2
44,4,42.99596375,-78.69971125,21.12,-1.4074999999999998,14221,4,0,0,2,2
41,4,42.92399825,-78.893012,38.160000000000004,-1.6625,14213,4,0,0,2,2
380,4,42.883061,-78.88239399999999,41.839999999999996,-0.705,14202,4,0,0,2,2
383,4,43.162881,-78.78256775,6.64,-3.1475,14094,4,0,0,2,2
109,4,42.91066525,-78.81861925,48.32,-1.195,14211,4,0,0,2,2
1114,4,42.0859365,-78.4479805,52.4,-2.61,14760,4,0,0,2,2
2,4,42.0952655,-78.468827,39.68,-5.345,14706,2,0,2,1,1
30,4,42.790919249999995,-78.7516315,12.56,-0.625,14127,4,0,0,2,2
980,4,42.728437,-78.91626375,11.200000000000001,-0.9524999999999999,14085,4,0,0,2,2
691,4,43.007135500000004,-78.90179499999999,27.2,-0.8274999999999999,14150,4,0,0,2,2
102,4,42.9360395,-78.851875,10.72,-0.235,14216,4,0,0,2,2
1100,4,42.93747375,-78.6907835,12.319999999999999,-0.6025,14026,4,0,0,2,2
98,4,42.768395,-78.6114965,18.880000000000003,-2.2575000000000003,14052,4,0,0,2,2
27,4,42.8982125,-78.83664375000001,31.92,-2.1325,14212,4,0,0,2,2
407,4,42.437470499999996,-79.3425415,16.32,-0.6325000000000001,14063,4,0,0,2,2
992,4,42.673711499999996,-78.87651525,38.88,-2.3525,14057,4,0,0,2,2
931,4,43.013977999999994,-78.71343625,11.200000000000001,-0.5,14051,4,0,0,2,2
1057,4,43.021936249999996,-78.93815599999999,12.72,-1.4075,14072,4,0,0,2,2
606,4,42.82242325,-78.60581149999999,41.28,-2.655,14059,2,2,0,1,1
641,4,42.78107625,-78.64632025,25.36,-2.0175,14052,4,0,0,2,2
972,4,42.761062249999995,-78.617666,19.84,-0.3999999999999999,14052,2,2,0,1,1
487,4,42.90624775,-78.90006675000001,21.36,-3.025,14213,4,0,0,2,2
644,4,42.88331875,-78.696815,24.88,-1.6324999999999998,14043,4,0,0,2,2
645,4,42.99682525,-78.953923,16.0,-0.81,14072,4,0,0,2,2
602,4,42.987859,-78.63793849999999,61.2,-3.4,14031,4,0,0,2,2
926,4,42.87701324999999,-78.78472275,38.0,-1.6975,14206,4,0,0,2,2
998,4,42.907519,-78.757016,16.8,-0.785,14225,2,2,0,1,1
649,4,42.921989249999996,-78.84685075,31.439999999999998,-2.565,14208,4,0,0,2,2
955,4,42.8051555,-78.63572875,20.96,-1.345,14059,4,0,0,2,2
952,4,42.08203075,-79.23422124999999,14.079999999999998,-0.6249999999999999,14701,2,2,0,1,1
506,4,42.893824,-78.6229815,30.880000000000003,-2.735,14086,4,0,0,2,2
409,4,42.898514999999996,-78.500477,17.76,-0.6025,14004,4,0,0,2,2
635,4,42.8994215,-78.664888,19.2,-3.83,14086,4,0,0,2,2
1026,4,42.98339075,-78.83026974999999,29.040000000000003,-1.8525,14150,4,0,0,2,2
78,4,42.9154035,-78.8690885,28.16,-1.9325,14209,4,0,0,2,2
72,4,42.097444499999995,-79.29503425,23.52,-2.0225,14701,4,0,0,2,2
79,4,42.93434825,-78.71534249999999,26.4,-3.33,14225,4,0,0,2,2
69,4,42.9040575,-78.66779425,14.88,-1.7275,14086,4,0,0,2,2
636,4,43.15316575,-78.665445,16.16,-0.525,14094,4,0,0,2,2
620,4,42.028321,-78.33901875000001,14.479999999999999,-0.6575,14770,4,0,0,2,2
498,4,43.0123505,-78.77032175,23.840000000000003,-1.3675000000000002,14068,4,0,0,2,2
624,4,42.9841865,-78.8728185,22.64,-3.5075,14217,4,0,0,2,2
943,4,42.949346250000005,-78.821943,27.439999999999998,-2.335,14214,4,0,0,1,2
500,4,42.76196175,-78.82791724999998,22.08,-1.4125,14075,4,0,0,2,2
1014,4,42.7159345,-78.63783699999999,45.28,-2.315,14052,2,2,0,1,1
973,4,42.94870099999999,-78.79818999999999,18.32,-2.375,14215,4,0,0,2,2
1045,4,42.81552275,-78.75818899999999,16.799999999999997,-0.735,14224,4,0,0,2,2
621,4,43.017084749999995,-78.66251925,41.36,-2.0925,14051,4,0,0,2,2
950,4,42.75458675,-78.6816645,7.040000000000001,-0.8925,14052,4,0,0,2,2
429,4,42.9620915,-78.86927175,18.56,-1.39,14217,4,0,0,2,2
84,4,43.08651725,-78.7276675,37.28,-2.945,14094,4,0,0,2,2
85,4,42.9144715,-78.8266045,43.839999999999996,-3.135,14211,4,0,0,2,2
88,4,42.930442,-78.7610685,124.4,-0.46,14225,0,4,0,2,2
679,4,42.94693674999999,-78.84974575,24.88,-1.305,14216,4,0,0,2,2
90,4,42.98789725,-78.82277975,54.24,-1.74,14150,4,0,0,2,2
915,4,42.934732,-78.81783899999999,39.52,-1.4725000000000001,14215,4,0,0,2,2
460,4,42.92166724999999,-78.78519225,35.84,-1.4700000000000002,14225,4,0,0,2,2
615,4,42.954579499999994,-78.82200875,28.48,-1.6974999999999998,14214,4,0,0,2,2
616,4,42.98982375,-78.87349524999999,53.36,-1.3225,14150,4,0,0,2,2
408,4,43.039685,-78.8242045,22.08,-2.7800000000000002,14228,4,0,0,2,2
410,4,43.00613075,-78.80174875,58.160000000000004,-2.01,14228,0,4,0,2,2
1089,4,42.63736825,-78.96196225,24.08,-4.3125,14057,2,2,0,1,1
916,4,42.908973,-78.82721225,29.68,-1.5875,14211,4,0,0,2,2
415,4,43.035166249999996,-78.861856,20.560000000000002,-0.94,14120,4,0,0,2,2
673,4,42.7453005,-78.89852375,15.2,-0.7625,14075,4,0,0,2,2
93,4,43.08834925,-78.98302675,21.840000000000003,-0.8699999999999999,14304,4,0,0,2,2
463,4,43.089636999999996,-78.9889065,14.719999999999999,-0.8125,14304,4,0,0,2,2
932,4,42.7571305,-78.62922125,26.080000000000002,-1.735,14052,4,0,0,2,2
668,4,42.8842245,-78.77580225,45.52,-1.8049999999999997,14227,4,0,0,2,2
667,4,42.97205725,-78.90633700000001,60.160000000000004,-1.705,14207,4,0,0,2,2
468,4,42.84897825,-78.801649,24.32,-1.0925,14210,2,2,0,2,2
934,4,42.697584,-78.5971735,45.28,-2.135,14139,2,2,0,1,1
518,4,42.924536,-78.77280225,48.239999999999995,-2.1725,14225,4,0,0,2,2
1064,4,42.265852,-78.72697649999999,12.0,-2.3525,14731,4,0,0,1,1
609,4,42.961290999999996,-78.6667375,22.72,0.7024999999999999,14221,2,2,0,2,2
664,4,42.9380205,-78.8392095,29.439999999999998,-1.4224999999999999,14214,4,0,0,2,2
663,4,42.9672975,-78.867976,36.879999999999995,-1.9850000000000003,14217,4,0,0,2,2
662,4,43.2075555,-79.03078099999999,20.56,-0.5775,14092,4,0,0,1,2
1076,4,42.797299,-78.83194825,30.880000000000003,-1.045,14219,4,0,0,2,2
1075,4,42.90303275,-78.62286049999999,62.08,-1.2874999999999999,14086,4,0,0,2,2
660,4,42.9919845,-78.739454,24.48,-1.7375,14221,4,0,0,2,2
550,4,43.290345,-78.69674599999999,16.880000000000003,-1.1325,14108,4,0,0,2,2
470,4,42.95484274999999,-78.77486025,41.12,-1.38,14226,4,0,0,2,2
180,4,43.030626749999996,-78.82292775,24.72,-1.7249999999999999,14150,4,0,0,2,2
1208,4,43.1763395,-78.69514274999999,30.959999999999997,-3.1025,14094,4,0,0,2,2
222,4,43.17734,-78.67224275000001,27.6,-0.6100000000000001,14094,2,2,0,2,2
133,4,42.727072,-78.79643449999999,19.12,-1.1175,14127,4,0,0,2,2
806,4,42.879078500000006,-78.85443525,31.12,-2.3000000000000003,14204,2,2,0,1,1
187,4,42.90694825,-78.86251549999999,52.88,-1.47,14209,4,0,0,2,2
770,4,42.898289999999996,-78.8975115,68.72,-1.5,14201,4,0,0,2,2
131,4,42.92537,-78.81328125,47.76,-1.6425,14215,4,0,0,2,2
159,4,42.3605435,-79.04889225000001,16.96,-1.4925,14138,4,0,0,2,2
1267,4,43.082057,-78.990625,83.67999999999999,-6.6899999999999995,14304,2,0,2,1,1
752,4,42.94520625,-78.7609955,17.04,-1.235,14225,4,0,0,2,2
226,4,42.50107575,-78.43253375,17.200000000000003,-1.3525,14009,4,0,0,2,2
274,4,43.034873250000004,-78.88293,38.0,-1.085,14120,4,0,0,2,2
735,4,43.01934975,-78.737931,21.759999999999998,-2.6425,14221,4,0,0,2,2
271,4,43.11474,-79.0327345,26.400000000000002,-2.0,14305,4,0,0,2,2
1163,4,43.04451325,-78.822027,33.68,-5.1274999999999995,14228,0,0,4,1,1
831,4,42.9403645,-78.8479275,44.64,-0.7575,14214,4,0,0,2,2
1166,4,42.90412624999999,-78.86189175,35.52,-1.555,14204,4,0,0,2,2
890,4,42.97028925,-78.810855,31.200000000000003,-2.8674999999999997,14226,4,0,0,2,2
728,4,43.05742574999999,-78.87762475,9.920000000000002,-1.915,14120,4,0,0,2,2
799,4,42.76579525,-78.82422224999999,64.08,-0.5875,14075,4,0,0,2,2
157,4,42.9653185,-78.81595125000001,17.68,-1.7024999999999997,14226,4,0,0,2,2
297,4,42.89725775,-78.839254,19.68,-1.4774999999999998,14212,4,0,0,2,2
730,4,42.119037500000005,-79.6940385,15.84,-1.875,14724,4,0,0,2,2
887,4,43.098727499999995,-79.02090050000001,22.72,-1.235,14305,2,2,0,2,2
781,4,42.8880475,-78.70867625,33.6,-1.8375,14043,4,0,0,2,2
733,4,42.83007575,-78.756358,17.6,-2.3225,14224,4,0,0,2,2
156,4,42.94992825,-78.74362175,14.719999999999999,-1.0,14221,4,0,0,2,2
227,4,42.92271649999999,-78.81313375,42.24,-1.43,14215,4,0,0,2,2
194,4,42.988789999999995,-78.748498,14.48,-0.61,14221,4,0,0,2,2
192,4,42.911255999999995,-78.86914425,48.72,-1.8975,14209,4,0,0,2,2
773,4,42.697233,-78.85512324999999,22.0,-1.5175,14075,4,0,0,2,2
253,4,43.14584075,-78.6866935,25.52,-2.26,14094,4,0,0,2,2
250,4,42.9996825,-78.6476195,38.24,-3.2675,14032,4,0,0,2,2
218,4,42.91191975,-78.88538425,19.68,-2.8075,14213,4,0,0,2,2
246,4,43.178787,-79.025932,5.92,-3.1575000000000006,14092,4,0,0,1,1
50,4,42.974537999999995,-78.88648225,52.32,-0.8525,14217,0,4,0,1,1
777,4,42.915961,-78.758195,19.759999999999998,-1.0875000000000001,14225,4,0,0,2,2
195,4,42.7582685,-78.8843955,30.48,-2.7649999999999997,14075,4,0,0,2,2
243,4,43.13016625,-79.026621,55.120000000000005,0.38250000000000006,14305,0,4,0,1,1
241,4,42.957257999999996,-78.88943125,36.08,-1.5550000000000002,14216,4,0,0,2,2
240,4,42.97244875,-78.82234224999999,41.2,-0.57,14226,4,0,0,2,2
778,4,42.7893235,-78.7141895,29.68,-2.2649999999999997,14127,4,0,0,2,2
748,4,42.93684775,-78.90097925,40.480000000000004,-3.7824999999999998,14207,4,0,0,2,2
169,4,42.924145249999995,-78.7404975,26.08,-1.2824999999999998,14225,4,0,0,2,2
219,4,42.94976925,-78.632395,21.36,-1.915,14086,4,0,0,2,2
142,4,42.945478249999994,-78.83220075,17.92,-1.03,14214,2,2,0,2,2
855,4,42.629562,-78.871832,21.2,-1.765,14057,4,0,0,2,2
174,4,42.726133000000004,-78.60813300000001,28.799999999999997,-2.2350000000000003,14052,2,2,0,1,1
747,4,42.9800355,-78.5911775,35.120000000000005,-2.175,14031,4,0,0,2,2
138,4,42.75307324999999,-78.84790575,19.92,-1.9849999999999999,14075,4,0,0,2,2
137,4,42.704843999999994,-78.6231605,39.04,-2.1550000000000002,14052,2,2,0,1,1
175,4,42.704443999999995,-78.60838725,32.48,-2.6475,14052,2,2,0,1,1
136,4,42.937918499999995,-78.69617174999999,36.64,-1.5,14026,4,0,0,2,2
810,4,42.959971499999995,-78.69621825,22.080000000000002,-2.39,14221,4,0,0,2,2
856,4,43.02498375,-78.69693949999998,18.56,-1.585,14051,4,0,0,2,2
135,4,42.945828999999996,-78.806706,27.520000000000003,-1.06,14215,4,0,0,2,2
221,4,43.0348505,-78.76429375,26.88,-1.21,14228,4,0,0,2,2
236,4,42.89112325000001,-78.89005075,68.32,-1.775,14201,4,0,0,2,2
323,4,42.974109250000005,-78.7650355,51.519999999999996,-0.9949999999999999,14221,4,0,0,2,2
878,4,42.897900750000005,-78.88082075,28.4,-0.9075000000000001,14201,4,0,0,2,2
215,4,43.00269075,-78.696832,11.760000000000002,-0.8675,14051,4,0,0,2,2
818,4,42.912004749999994,-78.87705275,32.08,-1.4475,14222,4,0,0,2,2
119,4,43.104117249999994,-78.77296375,24.08,-1.5074999999999998,14094,4,0,0,2,2
1195,4,43.307252000000005,-78.69675025000001,19.44,-1.7125,14028,4,0,0,2,2
718,4,42.8281205,-78.79997775000001,33.28,-2.3825,14218,4,0,0,2,2
116,4,43.2199985,-78.91083325,18.4,-2.12,14131,4,0,0,2,2
788,4,42.311989749999995,-78.8703105,13.36,-2.0675,14719,4,0,0,2,2
114,4,42.93727875,-78.87843525,53.19999999999999,-1.335,14216,4,0,0,2,2
721,4,42.98734525,-78.91402925,65.35999999999999,-4.0,14150,4,0,0,2,2
339,4,42.844165749999995,-78.676923,15.6,-1.705,14059,4,0,0,2,2
904,4,42.53894025,-78.9555295,19.2,-1.8275000000000001,14091,4,0,0,2,2
148,4,42.95371175,-78.83090125,20.96,-1.92,14214,4,0,0,2,2
336,4,42.820201499999996,-78.8482295,78.0,-0.41,14218,0,4,0,1,2
849,4,42.9628965,-78.8071455,18.240000000000002,-0.39999999999999997,14226,4,0,0,2,2
335,4,43.1315845,-79.0399365,13.76,-1.7674999999999998,14305,4,0,0,2,2
334,4,43.173623250000006,-79.02834874999999,60.959999999999994,-1.2575,14092,4,0,0,2,2
903,4,42.636295999999994,-78.871842,27.04,-2.9349999999999996,14057,2,2,0,1,1
332,4,42.96917549999999,-78.6783385,20.8,-1.9375,14221,2,2,0,2,2
328,4,42.89314925,-78.873143,31.840000000000003,-1.75,14202,4,0,0,2,2
327,4,43.019501000000005,-78.87954024999999,20.08,-1.085,14150,4,0,0,2,2
326,4,43.0339705,-78.822683,26.96,-5.0225,14228,4,0,0,2,2
325,4,42.86362825,-78.84351425,42.0,-2.0949999999999998,14210,4,0,0,2,2
6,4,42.893096,-78.75061325,29.439999999999998,-2.6425,14227,4,0,0,2,2
362,4,43.02552775,-78.7990225,60.32,-3.3449999999999998,14228,4,0,0,2,2
361,4,42.91724025,-78.68217975,12.32,-1.4925,14043,4,0,0,2,2
789,4,43.17491025,-78.7218555,55.92,-0.8375,14094,2,2,0,2,2
337,4,42.735088749999996,-78.91774949999999,12.559999999999999,-0.64,14085,4,0,0,2,2
732,4,42.925585500000004,-78.85363125,39.28,-3.1425,14208,4,0,0,2,2
766,4,42.87622975,-78.87721625,26.640000000000004,-2.0075,14203,4,0,0,2,2
737,4,42.8422005,-78.7543655,41.92,-2.1475,14224,4,0,0,2,2
829,4,42.9599705,-78.78397575,19.2,-1.4774999999999998,14226,4,0,0,2,2
827,4,42.88614375,-78.687881,39.04,-5.945,14043,4,0,0,2,2
285,4,43.1591945,-78.64880875,14.96,-0.865,14094,4,0,0,2,2
155,4,42.90112825,-78.68027375,23.12,-1.8675000000000002,14086,2,2,0,2,2
883,4,42.97293,-78.7620835,12.16,-1.4925,14221,4,0,0,2,2
113,4,42.662554,-78.89115824999999,19.6,-1.9375,14057,4,0,0,2,2
1201,4,43.001054499999995,-78.83703700000001,70.56,-3.5300000000000002,14150,2,2,0,1,1
317,4,42.88763599999999,-78.67725099999998,13.76,-0.2025,14086,4,0,0,2,2
152,4,43.22685849999999,-78.67877874999999,13.92,-0.875,14094,4,0,0,2,2
1216,4,43.204717,-78.52042449999999,59.28,-4.745,14067,2,0,2,1,1
313,4,43.0130495,-78.83015375000001,12.0,-1.1625,14150,4,0,0,2,2
287,4,42.941272,-78.8023995,29.279999999999998,-2.4775,14215,4,0,0,2,2
304,4,42.731390999999995,-78.82574125,15.76,-1.2425,14075,4,0,0,2,2
880,4,42.4415235,-78.913461,33.6,-1.2425,14070,4,0,0,2,2
305,4,43.04004475,-78.86197675,11.120000000000001,-0.705,14120,4,0,0,2,2
744,4,42.50099025,-78.69008550000001,15.84,-1.595,14141,4,0,0,2,2
233,4,42.737565499999995,-78.6258095,34.16,-1.36,14052,2,2,0,2,2
302,4,42.78998775,-78.84682375,46.96,-1.8900000000000001,14219,4,0,0,2,2
762,4,42.9281,-78.869373,43.84,-1.2575,14209,4,0,0,2,2
712,4,42.990630249999995,-78.8527935,27.36,-2.6675,14150,4,0,0,2,2
433,3,42.855377,-78.66222499999999,21.333333333333332,-5.54,14059,0,0,3,1,1
768,3,42.98955133333334,-78.70552333333333,45.86666666666667,-5.196666666666666,14221,0,0,3,1,1
1246,3,43.04246533333333,-78.61727166666667,52.26666666666667,-3.5566666666666666,14032,0,0,3,1,1
1127,3,42.36497433333333,-79.35464999999999,47.35999999999999,-3.033333333333333,14063,0,0,3,1,1
835,3,43.17212766666666,-78.75458566666667,44.26666666666666,-5.053333333333334,14094,0,0,3,1,1
1003,3,42.87614166666666,-78.79889,39.14666666666667,-4.013333333333334,14206,0,0,3,1,1
852,2,43.2242525,-78.5600025,17.28,-2.3449999999999998,14067,2,0,0,1,1
974,2,42.8390735,-78.690877,73.12,-1.515,14059,2,0,0,1,1
854,2,42.8258615,-78.696846,41.92,-5.295,14059,2,0,0,1,1
851,2,42.8560265,-78.6942225,13.6,-1.045,14059,2,0,0,1,1
946,2,42.925845499999994,-78.69550100000001,5.6,1.22,14043,2,0,0,1,1
945,2,43.0347295,-78.7530045,31.200000000000003,-2.575,14068,2,0,0,1,1
853,2,42.0938155,-79.2648945,47.36,-2.565,14701,2,0,0,1,1
844,2,42.928809,-78.593046,22.4,-4.125,14086,2,0,0,1,1
987,2,42.926058999999995,-78.84797599999999,57.28,-4.095,14214,0,0,2,1,1
843,2,42.6352725,-78.8816285,4.960000000000001,-0.39,14057,2,0,0,1,1
988,2,43.173482,-78.7028205,8.32,-2.8899999999999997,14094,2,0,0,1,1
842,2,43.172895499999996,-79.043234,8.8,-3.875,14092,2,0,0,1,1
989,2,42.250130999999996,-78.358481,19.04,-2.11,14727,2,0,0,1,1
841,2,43.1018875,-78.927083,43.519999999999996,-3.895,14304,2,0,0,1,1
839,2,42.4050115,-78.50479849999999,26.08,-0.9850000000000001,14101,2,0,0,1,1
990,2,42.7354735,-78.84104149999999,15.040000000000001,-1.92,14075,2,0,0,1,1
959,2,42.872346,-78.845345,13.92,-2.035,14210,2,0,0,1,1
960,2,43.099616,-78.9375785,27.68,-2.235,14304,2,0,0,1,1
961,2,42.9300005,-78.747103,78.24000000000001,-0.785,14225,2,0,0,1,1
962,2,42.8741905,-78.8494765,6.5600000000000005,-0.955,14210,2,0,0,1,1
838,2,42.325796999999994,-79.090551,29.119999999999997,-3.3600000000000003,14723,2,0,0,1,1
964,2,42.509299999999996,-78.687055,15.84,-1.205,14141,2,0,0,1,1
861,2,42.822559,-78.753141,20.0,-2.285,14224,2,0,0,1,1
971,2,42.961078,-78.74666099999999,10.719999999999999,-1.6099999999999999,14221,2,0,0,1,1
970,2,42.87795,-78.81526,25.439999999999998,-2.595,14206,2,0,0,1,1
969,2,42.920893,-78.697,60.480000000000004,-1.5899999999999999,14043,2,0,0,1,1
968,2,42.447428,-79.332394,32.48,-3.235,14063,2,0,0,1,1
858,2,43.051919999999996,-78.89367949999999,24.479999999999997,-1.8900000000000001,14120,2,0,0,1,1
967,2,42.9227905,-78.7980195,24.64,-2.56,14215,2,0,0,1,1
859,2,42.6379945,-79.0276715,31.68,-1.325,14006,2,0,0,1,1
837,2,42.8580075,-78.812838,18.880000000000003,-1.5,14210,2,0,0,1,1
860,2,43.1007745,-78.79486,18.560000000000002,-1.0150000000000001,14120,2,0,0,1,1
947,2,42.129615,-79.7455295,42.08,-1.5,14736,2,0,0,1,1
830,2,42.3420245,-78.4561285,20.799999999999997,-2.11,14737,2,0,0,1,1
832,2,42.010971999999995,-78.484161,21.759999999999998,-1.235,14706,2,0,0,1,1
965,2,43.0142745,-78.6684555,38.24,-6.325,14051,2,0,0,1,1
833,2,43.0563715,-78.88095,49.120000000000005,-1.2650000000000001,14120,2,0,0,1,1
834,2,42.8838455,-78.75852699999999,51.2,-1.25,14227,2,0,0,1,1
836,2,42.285703,-78.46366499999999,28.48,-1.08,14737,2,0,0,1,1
966,2,42.488857499999995,-79.324525,32.0,-1.455,14048,2,0,0,1,1
922,2,42.842715999999996,-78.85892949999999,65.6,-2.55,14203,2,0,0,1,1
885,2,42.974091,-78.85553049999999,21.92,-2.545,14223,2,0,0,1,1
921,2,42.902044000000004,-78.68518800000001,8.32,-1.41,14043,2,0,0,1,1
920,2,43.163655,-78.691875,20.16,-0.20000000000000007,14094,0,2,0,1,1
919,2,42.666765,-78.51271349999999,13.280000000000001,-1.6400000000000001,14080,0,2,0,1,1
886,2,43.021705499999996,-78.822326,19.520000000000003,-1.485,14150,2,0,0,1,1
888,2,43.047437,-78.483621,11.52,-1.2049999999999998,14001,2,0,0,1,1
918,2,43.0443885,-78.705634,12.48,-1.345,14051,2,0,0,1,1
870,2,43.0850415,-78.744472,10.879999999999999,-0.815,14120,2,0,0,1,1
889,2,42.7896485,-78.69164699999999,37.120000000000005,-4.279999999999999,14127,2,0,0,1,1
892,2,42.9512515,-78.7814535,81.6,-0.78,14226,2,0,0,1,1
893,2,43.027388,-78.96807,16.96,-1.3900000000000001,14072,2,0,0,1,1
862,2,42.9565225,-78.724535,26.4,0.985,14221,0,2,0,1,1
863,2,42.7502915,-78.896657,29.12,-1.065,14075,2,0,0,1,1
864,2,42.753157,-78.655659,87.36,-1.4849999999999999,14052,0,2,0,1,1
914,2,43.077477,-78.9999905,24.0,-0.705,14304,2,0,0,1,1
865,2,42.966136,-78.899397,3.2,-1.67,14207,2,0,0,1,1
917,2,42.924302999999995,-78.8290165,4.48,-3.64,14215,2,0,0,1,1
901,2,42.8203375,-78.712436,16.8,-0.33,14224,2,0,0,1,1
899,2,42.4768995,-79.3227825,78.4,-1.06,14048,2,0,0,1,1
898,2,42.3154715,-79.2377625,44.96,-0.515,14782,0,2,0,1,1
905,2,42.763551,-78.8245775,2.24,-3.485,14075,2,0,0,1,1
896,2,42.3293625,-79.237687,56.48,-0.905,14782,2,0,0,1,1
895,2,42.161362499999996,-79.597973,32.48,-2.61,14781,2,0,0,1,1
906,2,42.9783125,-78.776798,12.96,-1.25,14221,2,0,0,1,1
907,2,42.1512225,-79.596723,97.75999999999999,-0.815,14781,2,0,0,1,1
884,2,42.996942,-78.781763,17.76,-5.845,14221,2,0,0,1,1
908,2,42.6961095,-78.747042,25.92,-2.735,14127,2,0,0,1,1
909,2,42.922647,-78.8168525,19.36,-2.8,14215,2,0,0,1,1
925,2,42.8953115,-78.65124,28.0,-2.58,14086,2,0,0,1,1
879,2,42.9087705,-78.8820855,23.520000000000003,-1.9349999999999998,14222,2,0,0,1,1
924,2,42.2663745,-78.6657105,18.880000000000003,-1.7349999999999999,14731,2,0,0,1,1
881,2,43.143546,-78.842895,53.760000000000005,-3.42,14132,2,0,0,1,1
923,2,42.905644499999994,-78.6710635,46.08,-0.595,14086,2,0,0,1,1
882,2,43.09538,-79.02447000000001,18.24,-2.55,14301,2,0,0,1,1
894,2,43.1707085,-78.71229199999999,18.4,-0.61,14094,2,0,0,1,1
929,2,42.9683665,-78.75312,42.72,-2.5,14221,2,0,0,1,1
928,2,42.9080845,-78.853974,25.28,-4.720000000000001,14208,2,0,0,1,1
927,2,42.7458375,-78.6561365,50.4,-0.16,14052,0,2,0,1,1
958,2,42.9258295,-78.685284,9.440000000000001,-0.43500000000000005,14086,2,0,0,1,1
957,2,42.9446495,-78.5636945,20.0,-1.325,14004,2,0,0,1,1
956,2,42.217242,-79.61488449999999,25.92,-1.4249999999999998,14781,2,0,0,1,1
954,2,42.23907,-79.60972100000001,37.92,-1.9249999999999998,14787,2,0,0,1,1
953,2,42.081898499999994,-79.2300165,10.08,-2.77,14701,2,0,0,1,1
913,2,42.928698499999996,-78.702689,22.4,-1.175,14043,2,0,0,1,1
876,2,42.89872,-78.784345,25.28,-1.41,14227,2,0,0,1,1
877,2,43.077772499999995,-78.86577299999999,22.08,-1.3150000000000002,14120,2,0,0,1,1
951,2,42.113641,-79.225031,15.04,-1.655,14701,2,0,0,1,1
846,2,42.01724,-78.4513655,14.56,-1.645,14760,2,0,0,1,1
847,2,43.144697,-78.8406715,15.68,-0.9550000000000001,14132,2,0,0,1,1
848,2,42.830405,-78.752524,44.0,-2.8449999999999998,14224,2,0,0,1,1
949,2,43.1702325,-78.70631499999999,59.04,-3.0149999999999997,14094,2,0,0,1,1
948,2,42.979326,-78.8723105,14.399999999999999,-1.015,14217,2,0,0,1,1
875,2,43.1702825,-78.68596550000001,7.84,-3.5,14094,2,0,0,1,1
912,2,42.330753,-79.608878,13.440000000000001,-1.265,14787,2,0,0,1,1
866,2,42.9146995,-78.84475549999999,58.4,-1.065,14208,2,0,0,1,1
911,2,42.768108,-78.54954749999999,40.480000000000004,1.67,14052,0,2,0,1,1
910,2,42.8680975,-78.7419155,45.6,-2.705,14227,2,0,0,1,1
942,2,42.899477,-78.6968455,19.68,-0.72,14043,2,0,0,1,1
941,2,43.008024,-78.64713499999999,37.599999999999994,-2.67,14032,2,0,0,1,1
939,2,43.175177500000004,-78.793222,7.84,-2.515,14094,2,0,0,1,1
938,2,43.1060855,-78.98623,96.64,-1.83,14304,2,0,0,1,1
874,2,43.1299765,-79.013182,25.76,-1.7999999999999998,14305,2,0,0,1,1
936,2,42.7008995,-78.607405,56.0,-1.66,14139,2,0,0,1,1
867,2,42.922135999999995,-78.82931099999999,25.759999999999998,-1.875,14215,2,0,0,1,1
868,2,42.964121,-78.767535,85.28,-1.75,14226,0,2,0,1,1
869,2,43.2138925,-78.767908,26.560000000000002,-4.484999999999999,14094,2,0,0,1,1
933,2,42.8817825,-78.8508995,31.04,-0.95,14206,2,0,0,1,1
871,2,43.016307499999996,-78.4761565,16.48,-0.595,14001,2,0,0,1,1
872,2,43.0025615,-78.724975,49.28,-1.7349999999999999,14221,2,0,0,1,1
930,2,42.975965,-78.87181849999999,10.879999999999999,-0.5349999999999999,14217,2,0,0,1,1
873,2,42.735958999999994,-78.8791525,40.480000000000004,-2.545,14075,2,0,0,1,1
937,2,42.836505,-78.8035635,51.04,-1.66,14220,2,0,0,1,1
1147,2,42.9145135,-78.8327915,23.68,-1.5150000000000001,14211,2,0,0,1,1
1146,2,43.149517,-78.665672,16.16,-0.83,14094,2,0,0,1,1
1145,2,43.1213135,-78.8848595,24.32,-1.7200000000000002,14132,2,0,0,1,1
1144,2,42.439910999999995,-79.331616,20.16,-1.595,14063,2,0,0,1,1
1143,2,42.983712999999995,-78.884817,27.68,-1.795,14217,2,0,0,1,1
1142,2,42.9682665,-78.870589,14.559999999999999,-0.66,14217,2,0,0,1,1
1173,2,42.933739,-78.82487499999999,17.759999999999998,-1.94,14215,2,0,0,1,1
1172,2,42.9717365,-78.8004155,40.8,-3.4400000000000004,14226,2,0,0,1,1
1171,2,42.948922499999995,-78.8140435,22.08,-3.1849999999999996,14215,2,0,0,1,1
1170,2,42.822458,-78.6542425,49.92,-1.11,14059,2,0,0,1,1
1169,2,42.871331,-78.78978699999999,86.88,-2.5300000000000002,14224,2,0,0,1,1
1168,2,42.9805075,-78.899918,6.88,-2.3449999999999998,14150,2,0,0,1,1
1167,2,42.763369499999996,-78.86344700000001,83.03999999999999,-0.36,14075,2,0,0,1,1
1165,2,42.796955999999994,-78.80897999999999,65.6,-0.8300000000000001,14219,2,0,0,1,1
1032,2,43.1208785,-78.96837550000001,25.92,-3.9349999999999996,14304,2,0,0,1,1
1162,2,42.317271,-78.6625385,48.96,-1.015,14731,0,0,2,1,1
1161,2,43.1222535,-79.05183,4.0,-0.925,14305,2,0,0,1,1
1160,2,42.7325565,-78.8367165,19.84,-2.205,14075,2,0,0,1,1
1159,2,42.472184,-78.939678,18.560000000000002,-0.64,14070,2,0,0,1,1
1158,2,42.958432,-78.83841050000001,26.4,-2.94,14223,2,0,0,1,1
1189,2,42.9656375,-78.8579855,15.84,-1.7349999999999999,14217,2,0,0,1,1
1188,2,42.971267,-78.628339,20.799999999999997,0.04999999999999993,14031,0,2,0,1,1
1187,2,43.04719,-78.7246375,25.6,-2.4699999999999998,14051,2,0,0,1,1
1186,2,43.024229,-78.81771549999999,27.36,-3.455,14228,2,0,0,1,1
1185,2,42.932587999999996,-78.893293,56.0,-5.3,14207,2,0,0,1,1
1184,2,42.087836499999995,-79.2371425,36.96,-1.065,14701,2,0,0,1,1
1183,2,42.183207499999995,-78.68334899999999,30.08,-2.27,14779,2,0,0,1,1
1182,2,42.8839655,-78.814022,58.08,-2.4699999999999998,14206,2,0,0,1,1
1181,2,42.961831000000004,-78.778829,30.720000000000002,-2.91,14226,2,0,0,1,1
1164,2,42.904604,-78.885509,18.240000000000002,-2.1750000000000003,14213,2,0,0,1,1
1117,2,42.356579499999995,-79.229474,19.52,-1.8299999999999998,14718,2,0,0,1,1
1116,2,42.734309499999995,-78.72903149999999,20.64,-1.1099999999999999,14127,2,0,0,1,1
1115,2,43.1582405,-79.0382585,69.6,-2.3600000000000003,14092,2,0,0,1,1
1113,2,42.937331,-78.800184,25.6,-0.735,14215,2,0,0,1,1
1112,2,42.794450499999996,-78.84680399999999,46.08,-2.8099999999999996,14219,2,0,0,1,1
1111,2,42.989358499999994,-78.8786525,54.4,-0.94,14217,2,0,0,1,1
1110,2,42.946754999999996,-78.803437,47.04,-1.03,14215,2,0,0,1,1
1140,2,42.876249,-78.84915,40.480000000000004,-1.4849999999999999,14210,2,0,0,1,1
1139,2,42.9936955,-78.9339115,25.439999999999998,-1.175,14150,2,0,0,1,1
1138,2,43.032484999999994,-78.4757415,39.52,-2.1100000000000003,14001,2,0,0,1,1
1137,2,43.0321755,-78.64714649999999,29.28,-2.95,14032,2,0,0,1,1
1136,2,42.87171,-78.6946395,19.68,-3.485,14043,0,2,0,1,1
1135,2,42.8946335,-78.672546,38.08,-0.25,14086,0,2,0,1,1
1134,2,42.963579499999994,-78.7873235,19.04,-2.095,14226,2,0,0,1,1
1148,2,42.7660255,-78.768489,14.719999999999999,-0.86,14127,2,0,0,1,1
1132,2,42.430595499999995,-79.3074285,21.12,-1.33,14063,2,0,0,1,1
1131,2,42.038568,-78.3304345,27.84,-1.815,14770,2,0,0,1,1
1130,2,42.978329,-78.6373205,64.32,-3.3600000000000003,14031,0,2,0,1,1
1129,2,42.847025,-78.834214,44.0,-1.89,14220,2,0,0,1,1
1128,2,42.958282999999994,-78.83331050000001,19.04,-1.5299999999999998,14214,2,0,0,1,1
1126,2,42.930653,-78.64985250000001,15.04,-0.485,14086,2,0,0,1,1
1157,2,42.4584615,-79.3336415,16.32,-2.3099999999999996,14048,2,0,0,1,1
1156,2,42.3032345,-78.7958845,44.480000000000004,-2.625,14755,2,0,0,1,1
1155,2,42.752992,-78.8876855,16.0,-0.985,14075,2,0,0,1,1
1154,2,42.873323,-78.725042,14.719999999999999,-0.735,14227,2,0,0,1,1
1153,2,42.987433499999995,-78.68528549999999,13.6,-0.515,14221,2,0,0,1,1
1152,2,42.7430305,-78.6113625,24.64,-1.6400000000000001,14052,2,0,0,1,1
1151,2,42.877793,-78.7787675,54.239999999999995,-1.4849999999999999,14206,2,0,0,1,1
1150,2,42.9655235,-78.5129135,28.64,-2.2199999999999998,14001,2,0,0,1,1
1149,2,42.445584,-78.7694395,17.28,-2.63,14729,2,0,0,1,1
1133,2,42.6524865,-78.965912,21.28,-0.9650000000000001,14006,2,0,0,1,1
1207,2,42.945102500000004,-78.79618500000001,20.48,-1.815,14215,2,0,0,1,1
1206,2,43.0670015,-78.846122,23.520000000000003,-1.795,14120,2,0,0,1,1
1269,2,42.973620499999996,-78.73943299999999,17.439999999999998,-1.875,14221,2,0,0,1,1
1268,2,42.937411999999995,-78.7174865,16.32,-0.59,14225,2,0,0,1,1
1266,2,42.79277999999999,-78.7564525,17.439999999999998,-0.905,14127,2,0,0,1,1
1265,2,42.9221415,-78.88160149999999,15.68,-1.145,14213,2,0,0,1,1
1264,2,42.9337995,-78.7990685,39.68,-1.3900000000000001,14215,2,0,0,1,1
1247,2,42.4461655,-79.38814550000001,51.040000000000006,-1.11,14048,2,0,0,1,1
1245,2,42.901949,-78.86008799999999,13.120000000000001,-0.78,14204,2,0,0,1,1
1244,2,43.103017,-79.0300065,24.96,-0.15999999999999998,14305,2,0,0,1,1
1243,2,42.968650999999994,-78.804801,13.28,-0.56,14226,2,0,0,1,1
1242,2,42.7718775,-78.83135250000001,11.68,-0.64,14075,2,0,0,1,1
1241,2,42.954354499999994,-78.7547905,40.959999999999994,-4.755000000000001,14221,2,0,0,1,1
1240,2,42.244251,-79.357921,75.36,-2.64,14728,0,2,0,1,1
1180,2,42.850857,-78.72585,12.64,-1.45,14224,2,0,0,1,1
1238,2,42.704063,-78.814526,3.52,-1.03,14075,2,0,0,1,1
1255,2,42.998571999999996,-78.477525,20.0,-1.44,14001,2,0,0,1,1
1254,2,42.844432,-78.606178,42.4,-2.795,14059,2,0,0,1,1
1253,2,43.0871205,-78.9806895,6.88,-3.83,14304,2,0,0,1,1
1252,2,42.9070375,-78.7962435,19.04,-1.83,14211,2,0,0,1,1
1251,2,42.1584945,-78.6949985,24.799999999999997,1.0,14779,0,2,0,1,1
1250,2,43.044365,-78.82520099999999,9.280000000000001,-5.0,14228,2,0,0,1,1
1249,2,43.195699,-78.5734475,15.52,-1.645,14067,2,0,0,1,1
1248,2,42.697700499999996,-78.93477150000001,25.28,-1.61,14085,2,0,0,1,1
15,2,43.0028975,-78.633771,67.19999999999999,0.72,14032,0,2,0,1,1
13,2,43.0131815,-78.643708,22.08,-3.545,14032,2,0,0,1,1
10,2,42.972708499999996,-78.6846375,9.76,0.15500000000000003,14221,2,0,0,1,1
8,2,42.974422000000004,-78.682758,14.24,-2.17,14221,2,0,0,1,1
3,2,42.832173499999996,-78.7537875,25.439999999999998,-1.44,14224,2,0,0,1,1
1239,2,42.7122525,-78.912477,36.32,-2.205,14075,2,0,0,1,1
1179,2,42.9908415,-78.81444149999999,10.08,-4.145,14226,2,0,0,1,1
1178,2,43.0856085,-78.9906075,82.56,-1.045,14304,2,0,0,1,1
1177,2,42.5700195,-79.101182,25.759999999999998,-2.955,14081,2,0,0,1,1
1175,2,43.0202605,-78.5016875,9.280000000000001,-0.33,14001,2,0,0,1,1
1174,2,42.9154955,-78.880067,20.16,-4.029999999999999,14222,2,0,0,1,1
1205,2,42.9222815,-78.68465699999999,4.0,-0.19999999999999998,14043,2,0,0,1,1
1204,2,43.0889195,-79.05019899999999,27.04,-2.455,14303,2,0,0,1,1
1203,2,42.9054785,-78.754284,22.240000000000002,-2.175,14225,2,0,0,1,1
1202,2,42.9564625,-78.712381,21.439999999999998,-0.985,14221,2,0,0,1,1
1200,2,42.9025445,-78.76655249999999,74.4,-4.59,14225,2,0,0,1,1
1199,2,42.8009775,-78.7529945,11.84,-2.44,14224,0,2,0,1,1
1198,2,42.7893755,-78.78952749999999,33.92,-1.985,14127,2,0,0,1,1
1197,2,42.9211045,-78.898454,24.48,-3.3150000000000004,14213,2,0,0,1,1
1196,2,42.210854999999995,-79.47151600000001,6.88,-1.565,14722,2,0,0,1,1
1209,2,42.975308999999996,-78.66721100000001,13.44,-3.3899999999999997,14221,2,0,0,1,1
1193,2,43.1622875,-78.686644,20.32,-2.4699999999999998,14094,2,0,0,1,1
1192,2,43.007678999999996,-78.849137,26.08,-2.61,14150,2,0,0,1,1
1191,2,42.978719999999996,-78.9111935,10.72,-4.205,14150,2,0,0,1,1
1190,2,43.083620999999994,-78.96213900000001,45.12,-0.5499999999999999,14304,2,0,0,1,1
1221,2,42.9186385,-78.714741,21.6,-2.19,14043,2,0,0,1,1
1220,2,42.740106,-78.906168,1.44,-4.28,14075,2,0,0,1,1
1219,2,42.982557,-78.7333575,17.119999999999997,-1.11,14221,2,0,0,1,1
1218,2,42.987359,-78.7914775,14.08,-0.78,14221,2,0,0,1,1
1217,2,42.1152,-79.21125799999999,25.119999999999997,-1.875,14701,2,0,0,1,1
1215,2,43.165454499999996,-78.86532700000001,16.16,-1.94,14132,2,0,0,1,1
1214,2,43.008236999999994,-78.757156,7.84,-2.295,14221,2,0,0,1,1
1213,2,42.8419185,-78.8117815,37.44,-1.535,14220,2,0,0,1,1
1212,2,42.978021,-78.70253249999999,26.72,-2.86,14221,2,0,0,1,1
1211,2,42.7576275,-78.6183565,16.32,-2.75,14052,2,0,0,1,1
1210,2,43.021362499999995,-78.85341349999999,17.12,-1.685,14120,2,0,0,1,1
1194,2,42.976038,-78.911397,50.08,-0.655,14150,2,0,0,1,1
1002,2,42.9253305,-78.7377965,8.64,-0.735,14225,2,0,0,1,1
1001,2,42.8581195,-78.832423,10.24,-3.83,14220,2,0,0,1,1
999,2,42.9330035,-78.83927700000001,18.08,-3.63,14214,2,0,0,1,1
997,2,43.093768999999995,-79.0110045,84.0,-1.125,14301,2,0,0,1,1
1029,2,42.959058999999996,-78.632428,32.96,-1.825,14031,2,0,0,1,1
1028,2,42.6307845,-78.762664,32.480000000000004,-1.4249999999999998,14025,2,0,0,1,1
1027,2,42.6664075,-78.886731,15.52,-1.795,14057,2,0,0,1,1
1025,2,42.2752925,-78.91155699999999,58.4,-3.92,14719,2,0,0,1,1
1024,2,42.9808285,-78.91105400000001,16.96,-1.5,14150,2,0,0,1,1
1023,2,42.843712499999995,-78.782802,9.92,-1.0150000000000001,14224,2,0,0,1,1
1022,2,42.866225,-78.6966885,12.48,-2.315,14043,2,0,0,1,1
1021,2,43.088638,-79.02034,33.76,-2.315,14303,2,0,0,1,1
1020,2,43.048581,-78.990253,46.56,-1.5499999999999998,14072,2,0,0,1,1
1019,2,43.28345,-78.7091015,31.04,-2.22,14108,2,0,0,1,1
1119,2,42.918662,-78.69973949999999,69.6,-0.69,14043,2,0,0,1,1
1017,2,42.351731,-78.452246,15.84,-1.0,14737,2,0,0,1,1
1016,2,42.72461,-78.6536065,31.84,-0.515,14052,0,2,0,1,1
1015,2,42.7055965,-78.65255099999999,33.28,-1.045,14052,0,2,0,1,1
1044,2,42.894915999999995,-78.8818015,38.56,-2.0949999999999998,14201,2,0,0,1,1
1043,2,42.714383,-78.8461655,20.64,-1.625,14075,2,0,0,1,1
1042,2,42.805109,-78.642139,43.52,-0.61,14052,0,2,0,1,1
1041,2,42.6794515,-78.9777075,33.6,-4.02,14047,2,0,0,1,1
1040,2,42.95578999999999,-78.8438975,50.24,-0.53,14216,2,0,0,1,1
1039,2,42.765930499999996,-78.750644,39.68,-1.08,14127,2,0,0,1,1
1038,2,42.905355,-78.8448515,54.72,-4.625,14211,2,0,0,1,1
1037,2,43.347688500000004,-78.5749405,35.2,-2.035,14012,2,0,0,1,1
1036,2,43.001384,-78.833233,40.16,-1.145,14150,2,0,0,1,1
1035,2,42.100442,-79.23061799999999,48.16,-0.575,14701,2,0,0,1,1
1034,2,42.0928915,-79.237642,18.4,-1.2650000000000001,14701,2,0,0,1,1
1018,2,43.226744499999995,-78.7118235,7.199999999999999,-2.7350000000000003,14094,2,0,0,1,1
986,2,42.725714499999995,-78.828821,19.68,1.7349999999999999,14075,0,2,0,1,1
985,2,42.8113415,-78.70146399999999,24.96,-1.5,14224,2,0,0,1,1
984,2,43.168431999999996,-78.7653615,0.96,-2.485,14094,2,0,0,1,1
983,2,43.164058499999996,-78.6968165,54.400000000000006,-2.33,14094,2,0,0,1,1
982,2,43.05512349999999,-78.8040015,16.0,-0.34,14228,0,2,0,1,1
981,2,42.8664105,-78.754374,43.2,-2.405,14224,2,0,0,1,1
979,2,43.034488499999995,-78.725151,38.08,-3.2800000000000002,14051,2,0,0,1,1
978,2,42.825687,-78.7532395,48.16,-2.375,14224,2,0,0,1,1
977,2,42.903937,-78.901161,64.32,-1.235,14201,2,0,0,1,1
976,2,42.973457499999995,-78.83232699999999,24.16,-4.984999999999999,14223,2,0,0,1,1
975,2,42.942254,-78.891784,17.92,-1.9849999999999999,14207,2,0,0,1,1
996,2,42.972837,-78.697019,19.2,-2.8449999999999998,14221,2,0,0,1,1
995,2,43.0265175,-78.8220885,51.04,-1.405,14228,2,0,0,1,1
994,2,42.815806499999994,-78.67177050000001,17.759999999999998,-3.27,14059,2,0,0,1,1
1004,2,42.696667,-78.9935845,15.04,-0.485,14047,2,0,0,1,1
28,2,42.8743195,-78.8441395,29.119999999999997,0.185,14210,0,2,0,1,1
26,2,42.8938335,-78.875677,16.32,-3.0149999999999997,14202,2,0,0,1,1
24,2,43.1175255,-79.03446,14.4,-2.065,14305,2,0,0,1,1
21,2,42.88482,-78.8195745,60.32,-1.8900000000000001,14206,2,0,0,1,1
19,2,42.7322185,-78.7523435,29.12,-1.455,14127,2,0,0,1,1
18,2,43.2419465,-78.71198949999999,17.6,-2.94,14094,2,0,0,1,1
991,2,43.2396165,-78.5672735,20.48,-1.86,14067,2,0,0,1,1
1013,2,42.7617785,-78.6415685,46.4,0.81,14052,0,2,0,1,1
1012,2,42.532332499999995,-78.519106,38.400000000000006,-2.895,14134,0,0,2,1,1
1011,2,43.1301925,-78.8334615,18.72,-1.825,14132,2,0,0,1,1
1010,2,43.024249,-78.49622199999999,5.6000000000000005,1.17,14001,2,0,0,1,1
1009,2,43.144614,-78.79622599999999,29.28,-2.5949999999999998,14094,2,0,0,1,1
1008,2,42.884679,-78.8039865,53.28,-2.205,14206,2,0,0,1,1
1007,2,43.111486,-78.685109,58.879999999999995,-4.175,14094,2,0,0,1,1
1005,2,42.8822555,-78.6767785,43.2,-2.205,14086,2,0,0,1,1
993,2,42.96925349999999,-78.6517825,19.04,-1.985,14031,2,0,0,1,1
1092,2,42.75466,-78.7320395,16.0,-2.1550000000000002,14127,2,0,0,1,1
1091,2,43.1754355,-78.8010105,17.919999999999998,-3.58,14094,2,0,0,1,1
1090,2,43.197582999999995,-78.7537325,14.719999999999999,-1.9849999999999999,14094,2,0,0,1,1
1088,2,42.7552395,-78.8351905,5.92,-2.125,14075,2,0,0,1,1
1087,2,42.771681,-78.8238535,31.84,-3.095,14075,2,0,0,1,1
1086,2,42.6456825,-78.9724295,21.28,-3.035,14006,2,0,0,1,1
1085,2,43.0476065,-78.889995,23.04,-1.5150000000000001,14120,2,0,0,1,1
1084,2,42.758643,-78.8358045,15.2,-0.75,14075,2,0,0,1,1
1083,2,42.8038885,-78.7283525,10.4,-0.9249999999999999,14127,2,0,0,1,1
1082,2,43.1999905,-78.549224,43.2,-1.6549999999999998,14067,0,0,2,1,1
1079,2,42.799355500000004,-78.8291515,17.28,-1.27,14219,2,0,0,1,1
1078,2,42.118776999999994,-79.7537925,16.799999999999997,-1.6400000000000001,14724,2,0,0,1,1
1109,2,43.340064,-78.696765,16.64,-1.955,14028,2,0,0,1,1
1108,2,42.838648,-78.7888145,24.32,-2.1100000000000003,14224,2,0,0,1,1
1033,2,43.151402,-78.6242355,14.399999999999999,-1.295,14094,0,2,0,1,1
1106,2,43.0576005,-78.8879705,11.52,-1.2850000000000001,14120,2,0,0,1,1
1105,2,42.3684865,-78.691985,10.24,-1.6099999999999999,14729,2,0,0,1,1
1103,2,42.900882499999994,-78.5928455,50.24,-1.285,14086,2,0,0,1,1
1102,2,43.163782999999995,-78.70079849999999,48.8,0.11000000000000001,14094,2,0,0,1,1
1101,2,42.7671485,-78.79084549999999,24.799999999999997,-2.3449999999999998,14127,2,0,0,1,1
1099,2,42.96979,-78.696821,32.8,-3.485,14221,2,0,0,1,1
1098,2,42.978607,-78.78553600000001,92.8,-3.375,14226,2,0,0,1,1
1097,2,42.7568205,-78.60798299999999,20.16,-2.045,14052,2,0,0,1,1
1096,2,42.864987,-78.7436075,14.08,-0.3,14227,2,0,0,1,1
1094,2,42.9008285,-78.8932875,29.92,-2.175,14213,2,0,0,1,1
1125,2,42.829421999999994,-78.767709,11.04,-0.765,14224,2,0,0,1,1
1124,2,42.921882999999994,-78.83299199999999,10.08,-0.75,14215,2,0,0,1,1
1122,2,43.1881565,-78.6753075,27.04,-1.7200000000000002,14094,2,0,0,1,1
1121,2,42.932756999999995,-78.7194675,13.6,-1.0,14225,2,0,0,1,1
1120,2,42.838103000000004,-78.8478705,22.08,-3.81,14218,2,0,0,1,1
1107,2,43.063683999999995,-78.8350345,13.280000000000001,-1.3599999999999999,14120,2,0,0,1,1
845,2,42.956008,-78.865511,16.8,-0.9199999999999999,14216,2,0,0,1,1
1031,2,42.758979,-78.61596399999999,6.88,-1.7650000000000001,14052,2,0,0,1,1
1030,2,42.754594,-78.87943899999999,44.0,-1.9700000000000002,14075,2,0,0,1,1
1061,2,43.087748,-78.866062,38.56,-2.36,14120,2,0,0,1,1
1060,2,42.750823999999994,-78.81174999999999,60.48,-0.030000000000000013,14075,0,2,0,1,1
1059,2,43.021585,-78.968516,16.32,-0.3,14072,2,0,0,1,1
1058,2,42.8727015,-78.64057349999999,25.12,-2.05,14086,2,0,0,1,1
1056,2,43.048509499999994,-78.874123,14.559999999999999,-0.485,14120,2,0,0,1,1
1054,2,42.891768,-78.856554,32.32,-1.5,14204,2,0,0,1,1
1053,2,43.037808999999996,-78.973039,14.559999999999999,-0.845,14072,2,0,0,1,1
1052,2,42.6882595,-78.51455999999999,27.84,-0.47,14080,0,2,0,1,1
1051,2,42.119939,-79.52579399999999,41.44,-1.08,14781,2,0,0,1,1
1050,2,42.7739895,-78.85892150000001,41.120000000000005,-4.529999999999999,14075,2,0,0,1,1
1049,2,43.0201555,-78.656064,12.32,-0.86,14032,2,0,0,1,1
1093,2,42.8879285,-78.7611945,12.64,-0.375,14227,2,0,0,1,1
1047,2,43.280489,-78.7069255,26.72,-1.47,14108,2,0,0,1,1
1046,2,42.9783,-78.8837365,20.0,-0.72,14217,2,0,0,1,1
1077,2,42.853203,-78.787964,29.119999999999997,-2.78,14224,2,0,0,1,1
1074,2,43.0387015,-78.7684975,29.439999999999998,-2.3899999999999997,14228,2,0,0,1,1
1073,2,42.818284500000004,-78.810133,9.760000000000002,-0.31499999999999995,14218,2,0,0,1,1
1072,2,42.832198500000004,-78.605961,17.12,-0.83,14059,2,0,0,1,1
1071,2,42.393593499999994,-78.60833099999999,9.92,-2.7199999999999998,14171,2,0,0,1,1
1070,2,42.8688765,-78.8508545,43.519999999999996,-1.145,14210,0,2,0,1,1
1069,2,42.876276,-78.8057805,156.95999999999998,-2.985,14206,0,2,0,1,1
1068,2,42.9013025,-78.60778049999999,35.84,-0.765,14086,2,0,0,1,1
1067,2,42.8389665,-78.67299299999999,15.2,-1.08,14059,2,0,0,1,1
1066,2,42.080447,-79.2613605,31.04,-1.2000000000000002,14701,2,0,0,1,1
1065,2,42.280632999999995,-78.5838115,11.2,-1.785,14731,2,0,0,1,1
1063,2,42.988491999999994,-78.662037,54.08,-3.34,14221,2,0,0,1,1
1062,2,42.959421,-78.87405,29.12,-2.535,14217,2,0,0,1,1
1048,2,42.007728,-79.00050049999999,94.4,-1.395,14738,0,2,0,1,1
377,2,42.9969255,-78.87499600000001,25.759999999999998,-6.205,14150,2,0,0,1,1
373,2,43.163625499999995,-78.665544,16.64,-2.455,14094,2,0,0,1,1
370,2,42.6228675,-78.68232549999999,18.56,-1.515,14025,2,0,0,1,1
369,2,43.2643075,-79.03939399999999,23.52,-2.845,14174,2,0,0,1,1
368,2,42.9047535,-78.876125,34.56,-4.08,14222,2,0,0,1,1
365,2,42.879346999999996,-78.839561,17.919999999999998,-2.815,14210,2,0,0,1,1
364,2,42.819196,-78.78411299999999,47.2,-2.8899999999999997,14224,2,0,0,1,1
387,2,42.902265,-78.8747825,15.84,-5.5649999999999995,14222,2,0,0,1,1
384,2,42.7992265,-78.657941,36.480000000000004,-1.935,14059,0,0,2,1,1
110,2,42.9120455,-78.84662900000001,27.04,-2.5149999999999997,14208,2,0,0,1,1
108,2,43.0005675,-78.72499049999999,59.040000000000006,-0.345,14221,2,0,0,1,1
107,2,43.019715,-78.6968345,14.719999999999999,-0.9500000000000001,14051,2,0,0,1,1
689,2,43.179059499999994,-78.90261050000001,19.520000000000003,-2.215,14131,2,0,0,1,1
101,2,42.5786985,-79.107304,36.32,-2.175,14081,2,0,0,1,1
99,2,42.8715105,-78.863154,41.12,-1.8900000000000001,14204,2,0,0,1,1
406,2,42.649350999999996,-78.58027899999999,29.92,-1.155,14080,2,0,0,1,1
404,2,42.8752315,-78.70895999999999,27.52,-2.155,14043,2,0,0,1,1
403,2,42.947880999999995,-78.829527,29.92,-1.81,14214,2,0,0,1,1
402,2,42.9473315,-78.834912,39.68,-0.425,14214,2,0,0,1,1
398,2,42.960364999999996,-78.899987,31.519999999999996,-2.88,14207,2,0,0,1,1
397,2,42.94502,-78.7639705,11.2,-0.6399999999999999,14225,2,0,0,1,1
395,2,42.8293905,-78.6331185,14.24,-1.5,14059,2,0,0,1,1
394,2,42.9632065,-78.8038995,34.08,-2.155,14226,2,0,0,1,1
393,2,42.783562,-78.7904355,48.32,-4.3149999999999995,14219,2,0,0,1,1
392,2,43.253085,-78.738145,42.88,-1.125,14094,2,0,0,1,1
104,2,42.9188085,-78.7336635,20.0,-1.9700000000000002,14225,2,0,0,1,1
308,2,42.841127,-78.5517015,14.24,-0.575,14102,2,0,0,1,1
321,2,42.9172115,-78.75406050000001,19.68,-1.4849999999999999,14225,2,0,0,1,1
320,2,42.7472255,-78.7617325,69.12,-2.72,14127,0,2,0,1,1
125,2,43.17488,-78.61201399999999,18.72,-1.02,14094,2,0,0,1,1
124,2,42.92745,-78.839943,43.84,-2.55,14214,2,0,0,1,1
123,2,42.130257,-79.2098415,57.76,-4.33,14701,2,0,0,1,1
118,2,42.9498205,-78.75935100000001,16.0,-2.265,14225,2,0,0,1,1
117,2,43.039778,-78.696887,22.72,-2.035,14051,2,0,0,1,1
115,2,42.73814,-78.641514,35.36,-0.375,14052,0,2,0,1,1
341,2,42.840765,-78.82386149999999,14.239999999999998,-1.2650000000000001,14220,2,0,0,1,1
340,2,43.0242195,-78.96510549999999,51.68,-2.405,14072,2,0,0,1,1
338,2,43.074670999999995,-78.87413649999999,14.399999999999999,-0.41000000000000003,14120,2,0,0,1,1
379,2,42.0164445,-78.4178,76.80000000000001,-0.015000000000000013,14760,0,2,0,1,1
329,2,43.084396999999996,-78.8829725,21.759999999999998,-2.08,14120,2,0,0,1,1
324,2,43.101029999999994,-79.04684499999999,26.72,-3.4349999999999996,14301,2,0,0,1,1
363,2,43.177066499999995,-78.72322500000001,17.119999999999997,-2.875,14094,2,0,0,1,1
359,2,42.9392585,-78.77364700000001,20.96,-2.5650000000000004,14225,2,0,0,1,1
358,2,42.957793499999994,-78.768979,15.68,-0.7849999999999999,14226,2,0,0,1,1
353,2,42.952644,-78.86044799999999,12.96,-0.13999999999999999,14216,2,0,0,1,1
352,2,42.6962775,-78.762929,34.56,-1.58,14127,2,0,0,1,1
350,2,42.9627945,-78.894166,68.16,-1.27,14207,2,0,0,1,1
349,2,43.1784275,-78.80169749999999,9.6,-3.205,14094,2,0,0,1,1
346,2,42.903060499999995,-78.8502415,47.68,-0.935,14211,2,0,0,1,1
342,2,42.907126,-78.7620995,48.480000000000004,0.575,14225,0,2,0,1,1
96,2,42.937065000000004,-78.70165449999999,28.64,-1.6900000000000002,14225,2,0,0,1,1
382,2,43.161571499999994,-78.800171,29.92,-2.795,14094,2,0,0,1,1
333,2,42.9202515,-78.884029,11.52,-7.55,14213,2,0,0,1,1
442,2,42.961798,-78.7556645,13.280000000000001,-1.52,14221,2,0,0,1,1
441,2,43.145771999999994,-78.538839,52.16,-4.925,14067,2,0,0,1,1
440,2,42.846279499999994,-78.86049750000001,48.8,-1.545,14203,0,0,2,1,1
439,2,42.7614655,-78.651781,38.72,-1.285,14052,0,2,0,1,1
437,2,42.54074,-79.165095,57.760000000000005,-0.64,14136,2,0,0,1,1
435,2,43.1642545,-78.70963699999999,42.400000000000006,-0.44,14094,2,0,0,1,1
472,2,42.8311935,-78.72619549999999,15.52,-2.14,14224,2,0,0,1,1
469,2,42.9612465,-78.845132,12.8,-0.375,14223,2,0,0,1,1
467,2,43.032253999999995,-78.867991,16.32,-2.2,14120,2,0,0,1,1
466,2,42.711763,-78.5879705,9.76,-3.8600000000000003,14139,2,0,0,1,1
465,2,42.7919775,-78.62129100000001,23.84,-1.2349999999999999,14052,2,0,0,1,1
464,2,42.707817,-78.930663,11.68,-0.7999999999999999,14085,2,0,0,1,1
391,2,43.2532955,-78.72397000000001,22.880000000000003,-1.705,14108,2,0,0,1,1
459,2,43.0189335,-78.9600665,20.8,-1.86,14072,2,0,0,1,1
455,2,42.854442500000005,-78.697127,14.399999999999999,-0.845,14224,2,0,0,1,1
454,2,43.1214245,-78.94234900000001,25.44,-1.5299999999999998,14304,2,0,0,1,1
490,2,43.166203499999995,-78.66512549999999,13.92,-0.58,14094,2,0,0,1,1
489,2,43.181968,-78.7436195,29.76,-2.7,14094,2,0,0,1,1
485,2,42.797163999999995,-78.82154399999999,18.4,-1.3900000000000001,14219,2,0,0,1,1
483,2,43.091402,-78.96912,18.4,-2.05,14304,2,0,0,1,1
482,2,43.111205,-78.78272799999999,7.2,-4.155,14094,2,0,0,1,1
481,2,42.099189499999994,-79.24088599999999,44.48,-0.265,14701,2,0,0,1,1
480,2,42.727559,-78.65260699999999,76.64,-0.265,14052,0,2,0,1,1
478,2,42.0737315,-78.49332799999999,38.239999999999995,-1.8450000000000002,14706,2,0,0,1,1
476,2,43.127860999999996,-79.040256,17.119999999999997,-1.0,14305,2,0,0,1,1
475,2,43.000082,-78.798465,18.88,-2.3449999999999998,14261,2,0,0,1,1
461,2,42.7159165,-78.6230825,46.72,-1.285,14052,0,2,0,1,1
425,2,42.918938999999995,-78.859448,46.08,-1.0,14209,2,0,0,1,1
423,2,42.9270695,-78.83202800000001,16.48,-1.3900000000000001,14215,2,0,0,1,1
422,2,43.039041499999996,-78.8136435,13.6,-1.06,14228,2,0,0,1,1
420,2,42.201234,-78.61982850000001,47.84,-2.9699999999999998,14741,2,0,0,1,1
419,2,42.9224555,-78.72102749999999,11.52,-0.985,14043,2,0,0,1,1
418,2,43.005209,-78.637442,14.4,-1.2000000000000002,14032,2,0,0,1,1
417,2,42.756408,-78.8865485,22.72,-1.155,14075,2,0,0,1,1
416,2,42.9056885,-78.8310405,25.439999999999998,-1.9849999999999999,14211,2,0,0,1,1
414,2,42.9468995,-78.6980825,21.119999999999997,-1.4849999999999999,14225,2,0,0,1,1
413,2,43.0013595,-78.7399825,1.44,-3.845,14221,2,0,0,1,1
432,2,43.014303,-78.923166,28.32,-1.485,14072,2,0,0,1,1
92,2,43.099273999999994,-78.95029099999999,17.759999999999998,-1.25,14304,2,0,0,1,1
443,2,42.5555715,-78.752374,6.08,-3.08,14141,2,0,0,1,1
86,2,42.975372,-78.6705855,43.2,-6.595000000000001,14221,2,0,0,1,1
431,2,42.486138999999994,-79.3287795,49.12,-2.06,14048,2,0,0,1,1
430,2,42.968554999999995,-78.7671755,63.04,-0.405,14221,2,0,0,1,1
427,2,42.989781,-78.9194715,108.47999999999999,0.22,14150,0,2,0,1,1
426,2,42.970085,-78.8787945,41.599999999999994,-2.08,14217,2,0,0,1,1
453,2,42.9289905,-78.884823,9.92,-1.455,14213,2,0,0,1,1
452,2,43.00174199999999,-78.88149899999999,16.0,-1.11,14150,2,0,0,1,1
451,2,42.718047,-78.943738,21.6,-4.75,14085,2,0,0,1,1
450,2,42.781955999999994,-78.788174,16.32,-1.8599999999999999,14127,2,0,0,1,1
449,2,42.990364,-78.47769650000001,19.36,-1.485,14001,2,0,0,1,1
448,2,43.0565455,-78.7245585,16.64,-3.1399999999999997,14228,2,0,0,1,1
446,2,42.7224655,-78.5375935,10.719999999999999,-1.77,14139,2,0,0,1,1
444,2,42.555156499999995,-78.7599805,13.76,-2.875,14141,2,0,0,1,1
89,2,43.056464500000004,-78.900469,27.36,-1.215,14120,2,0,0,1,1
1257,2,42.986582,-78.8732395,21.439999999999998,-2.19,14217,2,0,0,1,1
1256,2,42.987545999999995,-78.77762949999999,15.84,-0.92,14221,2,0,0,1,1
188,2,43.046996,-78.8845475,14.56,-0.34500000000000003,14120,2,0,0,1,1
186,2,42.947008499999995,-78.81448950000001,55.36,-2.5949999999999998,14215,2,0,0,1,1
185,2,42.8149965,-78.791928,97.44,-0.17,14224,2,0,0,1,1
182,2,43.043057000000005,-78.64844149999999,49.120000000000005,-6.050000000000001,14032,2,0,0,1,1
181,2,43.0090835,-78.8666045,10.879999999999999,-0.69,14150,2,0,0,1,1
177,2,42.105005,-79.245133,12.32,-0.27999999999999997,14701,2,0,0,1,1
176,2,42.917835499999995,-78.89887300000001,8.16,-0.8899999999999999,14213,2,0,0,1,1
171,2,42.991612,-78.78221149999999,17.28,-0.64,14221,2,0,0,1,1
170,2,42.932241,-78.7633275,72.32,-1.3599999999999999,14225,2,0,0,1,1
193,2,42.097927,-78.42620199999999,18.08,-3.295,14760,2,0,0,1,1
309,2,42.3263075,-79.6165875,22.880000000000003,-3.8099999999999996,14787,2,0,0,1,1
153,2,43.1477555,-78.655318,16.8,-0.675,14094,2,0,0,1,1
150,2,42.435523,-78.385636,87.2,-1.25,14060,2,0,0,1,1
149,2,42.429653,-78.353929,35.68,-1.95,14060,2,0,0,1,1
189,2,43.0129495,-78.81184400000001,12.16,-0.9500000000000001,14228,2,0,0,1,1
214,2,42.864481999999995,-78.6403545,34.24,-1.985,14086,2,0,0,1,1
213,2,42.739256999999995,-78.609261,35.519999999999996,-0.875,14052,2,0,0,1,1
209,2,42.8717015,-78.7752,13.92,-1.77,14224,2,0,0,1,1
208,2,42.902705999999995,-78.5782475,41.92,-2.44,14086,2,0,0,1,1
207,2,43.0598325,-78.5122035,28.32,-1.9100000000000001,14001,2,0,0,1,1
205,2,43.0021775,-78.637275,19.84,-8.125,14032,2,0,0,1,1
204,2,42.2632445,-78.6737365,15.84,-0.8600000000000001,14731,2,0,0,1,1
203,2,42.9835115,-78.96430699999999,16.64,-0.515,14072,2,0,0,1,1
202,2,43.140505,-78.6976735,15.04,-0.595,14094,2,0,0,1,1
158,2,43.120558,-79.050364,38.239999999999995,-4.19,14305,2,0,0,1,1
1237,2,42.8823505,-78.752804,38.72,-3.3600000000000003,14227,2,0,0,1,1
1236,2,42.8590475,-78.83515249999999,46.56,-1.5899999999999999,14220,2,0,0,1,1
1235,2,43.085432,-78.68982249999999,14.399999999999999,-1.69,14051,2,0,0,1,1
1234,2,42.973774,-78.85300000000001,12.96,-0.545,14223,2,0,0,1,1
1233,2,42.965272999999996,-78.670577,6.72,-1.5350000000000001,14221,2,0,0,1,1
1232,2,42.9707885,-78.8447055,15.36,-2.2350000000000003,14223,2,0,0,1,1
1231,2,42.8718695,-78.7950705,35.84,-3.5,14206,2,0,0,1,1
1230,2,42.546431,-78.478315,18.240000000000002,-1.345,14030,2,0,0,1,1
1229,2,43.0788405,-78.9771345,16.8,-2.59,14304,2,0,0,1,1
1228,2,43.016405,-78.85952649999999,12.0,-1.075,14150,2,0,0,1,1
1227,2,43.1491915,-78.6861725,23.36,-2.345,14094,2,0,0,1,1
1226,2,42.9831525,-78.6708815,15.36,-1.1099999999999999,14221,2,0,0,1,1
1258,2,42.7899105,-78.75959499999999,16.64,-0.55,14127,2,0,0,1,1
1224,2,42.7662455,-78.613682,16.48,-1.875,14052,2,0,0,1,1
1223,2,42.985616,-78.82304199999999,1.92,-4.0600000000000005,14150,2,0,0,1,1
1222,2,42.834614,-78.785599,42.08,-2.83,14224,2,0,0,1,1
167,2,43.125454,-79.046987,16.0,-5.845000000000001,14305,2,0,0,1,1
166,2,42.729530999999994,-78.8357485,13.280000000000001,-1.045,14075,2,0,0,1,1
165,2,42.553704499999995,-78.7459005,19.68,-1.535,14141,2,0,0,1,1
162,2,43.0984645,-78.98189149999999,20.16,-1.16,14304,2,0,0,1,1
160,2,42.453076499999995,-78.82509049999999,64.16,-0.22,14070,0,2,0,1,1
1263,2,42.877269,-78.5571305,16.96,-1.0,14004,2,0,0,1,1
1262,2,42.965411,-78.552718,19.04,-4.295,14031,2,0,0,1,1
1261,2,43.004279,-78.897269,3.84,-2.045,14150,2,0,0,1,1
1260,2,42.882540500000005,-78.8601635,11.52,-4.1850000000000005,14204,2,0,0,1,1
1259,2,42.8748235,-78.8013865,33.44,-2.015,14206,2,0,0,1,1
1225,2,42.860753,-78.813464,60.32,-1.205,14210,2,0,0,1,1
277,2,42.0877665,-78.63094000000001,74.4,-2.0,14753,2,0,0,1,1
275,2,43.0051755,-78.6968115,18.4,-1.8,14051,2,0,0,1,1
273,2,42.026545,-79.3442715,16.48,-1.955,14701,2,0,0,1,1
270,2,43.150525,-78.620215,14.239999999999998,-0.5800000000000001,14094,2,0,0,1,1
266,2,43.122800999999995,-78.7732185,14.879999999999999,-0.97,14094,2,0,0,1,1
264,2,42.867960999999994,-78.7029625,20.0,-1.405,14043,2,0,0,1,1
263,2,43.0270345,-79.0080245,15.36,-1.44,14072,2,0,0,1,1
261,2,42.907034499999995,-78.7827015,50.4,-1.5,14225,2,0,0,1,1
258,2,42.9841615,-78.89380499999999,40.16,-1.325,14150,2,0,0,1,1
257,2,42.9719675,-78.8660575,14.4,-0.845,14217,2,0,0,1,1
301,2,42.965164,-78.78940850000001,10.879999999999999,-0.33,14226,2,0,0,1,1
299,2,42.869316,-78.8691475,14.399999999999999,-3.3899999999999997,14203,2,0,0,1,1
200,2,43.318310999999994,-78.71300149999999,13.76,-0.485,14028,2,0,0,1,1
295,2,43.124252,-79.05710099999999,11.84,-0.69,14305,2,0,0,1,1
293,2,43.019634499999995,-78.7679485,86.08,1.92,14228,0,2,0,1,1
290,2,43.0352345,-78.7997285,18.4,-1.0150000000000001,14228,2,0,0,1,1
289,2,43.0211815,-78.7989175,19.04,-1.785,14228,2,0,0,1,1
288,2,42.90477,-78.833302,49.76,-2.375,14211,2,0,0,1,1
286,2,43.016652,-78.587424,6.24,2.375,14031,2,0,0,1,1
284,2,42.6701855,-79.044014,20.64,-4.61,14047,2,0,0,1,1
283,2,42.946349999999995,-78.8911075,32.64,-1.265,14207,2,0,0,1,1
282,2,42.417023,-78.573882,23.36,-1.61,14101,2,0,0,1,1
112,2,42.8964145,-78.87851599999999,16.8,-1.375,14201,2,0,0,1,1
316,2,42.652467,-78.893389,13.6,-1.065,14057,2,0,0,1,1
311,2,43.168487,-78.6984485,17.439999999999998,-1.5150000000000001,14094,2,0,0,1,1
310,2,42.9486425,-78.790808,20.64,-1.3900000000000001,14215,2,0,0,1,1
296,2,42.900059,-78.4895295,15.36,-0.94,14004,2,0,0,1,1
199,2,43.0062535,-78.996835,14.879999999999999,0.265,14072,2,0,0,1,1
196,2,43.1744975,-78.662038,26.560000000000002,-0.97,14094,2,0,0,1,1
232,2,42.8905285,-78.5779765,11.84,-1.005,14004,2,0,0,1,1
231,2,42.088949,-78.362926,16.64,-1.8399999999999999,14760,2,0,0,1,1
229,2,42.913662,-78.801401,18.72,-2.205,14211,2,0,0,1,1
228,2,42.9090905,-78.770436,24.32,-5.1899999999999995,14225,2,0,0,1,1
225,2,43.1547535,-78.6958815,16.64,-1.36,14094,2,0,0,1,1
224,2,42.9945745,-78.809726,11.36,-0.375,14226,2,0,0,1,1
223,2,42.96522,-78.674621,18.880000000000003,-1.44,14221,2,0,0,1,1
217,2,42.640003,-78.739418,12.8,-1.6400000000000001,14025,2,0,0,1,1
216,2,42.2635245,-78.681306,6.720000000000001,-1.75,14731,2,0,0,1,1
255,2,43.025338,-78.867962,15.52,-0.20500000000000002,14120,2,0,0,1,1
278,2,42.0549815,-78.361928,15.52,-1.1099999999999999,14760,0,2,0,1,1
249,2,42.772099,-78.846085,68.96000000000001,-0.185,14075,0,2,0,1,1
247,2,42.998633999999996,-78.6298755,41.44,-0.845,14032,0,2,0,1,1
245,2,42.980973,-78.685114,7.04,-3.53,14221,2,0,0,1,1
244,2,42.4765085,-79.331399,70.56,-2.9850000000000003,14048,2,0,0,1,1
238,2,42.918076,-78.8002575,34.4,-3.4850000000000003,14211,2,0,0,1,1
234,2,42.752801,-78.69994,24.64,-1.9700000000000002,14127,2,0,0,1,1
143,2,43.090205999999995,-78.9727805,10.4,-1.08,14304,2,0,0,1,1
140,2,42.4252335,-78.8970665,18.240000000000002,-1.625,14070,2,0,0,1,1
139,2,42.950514,-78.724758,49.28,-0.425,14221,2,0,0,1,1
134,2,42.997952999999995,-78.8227735,14.08,-0.845,14150,2,0,0,1,1
132,2,42.922703,-78.807785,41.760000000000005,-4.324999999999999,14215,2,0,0,1,1
280,2,42.5162665,-78.55264199999999,19.36,-3.5,14055,2,0,0,1,1
279,2,42.768288999999996,-78.6378775,18.08,-1.25,14052,2,0,0,1,1
254,2,43.129931,-79.006833,24.32,-1.39,14305,2,0,0,1,1
690,2,42.859019,-78.755166,71.68,-1.16,14224,2,0,0,1,1
709,2,43.166257,-78.730764,17.759999999999998,-0.36,14094,2,0,0,1,1
704,2,42.9564775,-78.778483,20.32,-2.16,14226,2,0,0,1,1
47,2,42.980953,-78.87393449999999,67.03999999999999,0.61,14217,0,2,0,1,1
45,2,42.988356499999995,-78.8072925,13.92,-1.03,14226,2,0,0,1,1
43,2,42.9472015,-78.67707,21.92,-3.14,14026,2,0,0,1,1
39,2,42.922649,-78.8197215,50.879999999999995,-1.735,14215,2,0,0,1,1
36,2,42.6525105,-79.010324,45.6,-1.6549999999999998,14006,2,0,0,1,1
33,2,42.991202,-78.55159699999999,13.600000000000001,-1.28,14001,2,0,0,1,1
725,2,43.082987,-78.82319,13.120000000000001,-2.0300000000000002,14120,2,0,0,1,1
724,2,42.880179,-78.7040915,35.519999999999996,-2.285,14043,2,0,0,1,1
723,2,43.038315999999995,-78.94863699999999,16.8,-0.5,14072,2,0,0,1,1
474,2,42.7712125,-78.620993,20.0,0.39,14052,0,2,0,1,1
719,2,42.8959385,-78.895558,68.32,-1.61,14202,2,0,0,1,1
717,2,42.897077499999995,-78.75440499999999,90.08,-0.67,14227,2,0,0,1,1
716,2,42.940471,-78.860265,22.240000000000002,-5.984999999999999,14216,2,0,0,1,1
715,2,42.895922,-78.857891,84.32,-1.47,14204,2,0,0,1,1
713,2,43.0053305,-78.94830049999999,30.240000000000002,-3.265,14072,2,0,0,1,1
711,2,43.193584,-78.702108,25.6,-3.205,14094,2,0,0,1,1
743,2,42.8899805,-78.67664500000001,23.04,-1.285,14086,2,0,0,1,1
742,2,42.550893,-78.57645550000001,22.560000000000002,-0.955,14055,2,0,0,1,1
741,2,42.099194999999995,-79.2351095,25.92,-2.705,14701,2,0,0,1,1
740,2,43.019121,-78.820829,5.28,-1.265,14228,2,0,0,1,1
739,2,42.905603,-78.85032949999999,14.879999999999999,-1.1099999999999999,14208,2,0,0,1,1
738,2,42.996145,-78.9592665,21.6,-2.83,14072,2,0,0,1,1
734,2,42.6523365,-78.940619,16.64,-1.7349999999999999,14057,2,0,0,1,1
720,2,42.8722015,-78.7869805,44.16,-2.41,14227,2,0,0,1,1
640,2,43.0104905,-78.84553199999999,13.92,-0.9500000000000001,14150,2,0,0,1,1
671,2,42.9567205,-78.882892,31.36,-2.735,14216,2,0,0,1,1
670,2,42.8388845,-78.79867,24.159999999999997,-2.125,14210,2,0,0,1,1
669,2,42.9177835,-78.86447,16.16,-2.715,14209,2,0,0,1,1
666,2,42.1087085,-79.2453565,43.04,-2.0,14701,2,0,0,1,1
665,2,42.927423,-78.877006,1.6,-3.9250000000000003,14222,2,0,0,1,1
661,2,42.9994305,-78.81468,36.480000000000004,-4.78,14226,2,0,0,1,1
659,2,43.103562499999995,-78.981324,15.200000000000001,-0.58,14304,2,0,0,1,1
658,2,43.08441,-78.9407035,30.880000000000003,-2.05,14304,2,0,0,1,1
657,2,42.9203275,-78.7456505,2.08,-0.535,14225,2,0,0,1,1
688,2,42.973235,-78.73598,13.92,-0.64,14221,2,0,0,1,1
686,2,43.154911999999996,-78.709412,35.04,-2.5,14094,2,0,0,1,1
692,2,43.2118415,-78.825792,16.48,-1.75,14094,2,0,0,1,1
684,2,42.740905999999995,-78.8586905,16.48,-0.75,14075,2,0,0,1,1
683,2,42.951792,-78.8903665,48.0,-0.72,14207,2,0,0,1,1
681,2,42.97838,-78.736109,25.12,-0.61,14221,2,0,0,1,1
680,2,42.984562,-78.79404199999999,63.2,-2.7649999999999997,14226,2,0,0,1,1
678,2,42.74723,-78.889633,64.96000000000001,-4.5,14075,2,0,0,1,1
676,2,42.832139,-78.8010815,13.44,-0.795,14218,2,0,0,1,1
675,2,43.197785999999994,-78.733209,38.08,-4.03,14094,0,0,2,1,1
674,2,42.971272,-78.773833,52.16,-2.72,14226,0,0,2,1,1
702,2,42.984718,-78.99122650000001,14.56,-0.9099999999999999,14072,0,2,0,1,1
700,2,42.998524,-78.7249305,14.879999999999999,-2.2,14221,2,0,0,1,1
699,2,42.85592,-78.791724,89.12,-2.3899999999999997,14224,2,0,0,1,1
697,2,42.940003,-78.6871865,21.28,-2.25,14026,2,0,0,1,1
694,2,42.9083785,-78.839058,19.200000000000003,-6.095000000000001,14211,2,0,0,1,1
685,2,43.022987,-78.89729,21.76,-1.33,14072,2,0,0,1,1
787,2,42.792834,-78.573654,75.84,0.20500000000000002,14052,0,2,0,1,1
785,2,43.1794205,-78.663381,41.12,-1.8599999999999999,14094,2,0,0,1,1
783,2,43.018782,-78.797526,79.36,-1.5,14228,0,2,0,1,1
782,2,43.072680500000004,-78.4995135,9.6,-2.895,14001,2,0,0,1,1
780,2,42.9447605,-78.8531505,31.68,-2.9050000000000002,14216,2,0,0,1,1
809,2,42.9070295,-78.88544350000001,25.6,-3.09,14213,2,0,0,1,1
808,2,43.171394,-78.68089699999999,40.32,-3.625,14094,2,0,0,1,1
807,2,42.9607325,-78.66927949999999,7.68,2.2350000000000003,14221,2,0,0,1,1
805,2,43.088066,-79.0638275,33.92,-1.295,14303,2,0,0,1,1
804,2,42.9800175,-78.80736099999999,36.64,-2.3899999999999997,14226,2,0,0,1,1
803,2,42.53486049999999,-78.478614,17.6,-3.155,14030,2,0,0,1,1
802,2,43.1222985,-78.82478,28.16,-1.595,14120,2,0,0,1,1
731,2,42.9946935,-78.9279875,48.0,-0.97,14150,0,2,0,1,1
800,2,43.1100625,-78.8075885,20.32,-3.83,14094,2,0,0,1,1
798,2,42.765991,-78.6224975,16.64,-3.255,14052,2,0,0,1,1
796,2,42.979552,-78.699903,13.6,-0.020000000000000018,14221,0,2,0,1,1
826,2,42.898678000000004,-78.8835795,22.240000000000002,-3.36,14201,2,0,0,1,1
825,2,42.933134499999994,-78.6074965,17.28,-1.75,14086,2,0,0,1,1
823,2,43.031732,-78.87994599999999,31.04,-0.5,14120,2,0,0,1,1
822,2,42.8393085,-78.76183900000001,32.32,-3.0,14224,2,0,0,1,1
821,2,42.8742055,-78.65597349999999,10.719999999999999,-0.2,14086,2,0,0,1,1
820,2,42.096907,-79.4348265,15.04,-2.185,14710,2,0,0,1,1
816,2,42.8469575,-78.6414975,50.08,-2.05,14059,2,0,0,1,1
814,2,42.8589055,-78.707061,16.8,-0.94,14224,2,0,0,1,1
813,2,42.870838,-78.7828805,59.36,-4.6850000000000005,14224,2,0,0,1,1
812,2,42.770822499999994,-78.747023,15.36,-1.03,14127,2,0,0,1,1
801,2,42.9084125,-78.745398,7.84,-2.325,14225,2,0,0,1,1
729,2,43.0939695,-79.0141835,41.599999999999994,-2.11,14301,2,0,0,1,1
760,2,42.9934825,-78.744382,14.559999999999999,-0.265,14221,2,0,0,1,1
759,2,42.8559525,-78.6061775,32.32,-2.455,14059,2,0,0,1,1
758,2,43.3271405,-78.5957435,16.32,-2.25,14008,2,0,0,1,1
756,2,42.947743,-78.879357,39.36,-1.6099999999999999,14207,2,0,0,1,1
755,2,42.555578999999994,-78.6383055,19.04,-1.08,14055,2,0,0,1,1
754,2,42.980602,-78.9029335,23.52,-2.7350000000000003,14150,2,0,0,1,1
753,2,42.951342999999994,-78.7511165,16.64,-1.625,14221,2,0,0,1,1
751,2,42.6392615,-79.070724,11.36,-0.845,14006,2,0,0,1,1
750,2,43.006912,-78.9652385,36.64,-3.675,14072,2,0,0,1,1
749,2,42.781251,-78.74578299999999,25.439999999999998,-2.965,14127,2,0,0,1,1
746,2,43.093635,-78.9094635,12.799999999999999,-3.03,14304,2,0,0,1,1
790,2,42.877629,-78.7313635,14.24,-1.575,14227,2,0,0,1,1
779,2,42.6401695,-78.54031599999999,34.56,-4.625,14080,2,0,0,1,1
776,2,42.946655,-78.8943635,6.4,-1.8599999999999999,14207,2,0,0,1,1
775,2,42.7730185,-78.75601599999999,11.2,-0.9850000000000001,14127,2,0,0,1,1
774,2,42.094882,-79.275594,9.76,-2.015,14701,2,0,0,1,1
772,2,42.513081,-78.6870295,61.44,-1.33,14141,2,0,0,1,1
771,2,42.921347,-78.839344,31.839999999999996,-2.16,14211,2,0,0,1,1
765,2,43.0321255,-78.613479,5.12,-1.455,14032,2,0,0,1,1
763,2,42.465279499999994,-78.939667,24.8,3.405,14070,0,2,0,1,1
795,2,43.1776335,-78.67883699999999,51.04,-1.155,14094,2,0,0,1,1
794,2,42.96326,-78.743032,22.08,0.97,14221,0,2,0,1,1
793,2,43.122485499999996,-78.837677,19.52,-3.41,14132,2,0,0,1,1
792,2,42.099469,-79.25382149999999,55.2,-0.045,14701,2,0,0,1,1
791,2,42.3072145,-78.626079,27.04,-2.7350000000000003,14731,2,0,0,1,1
745,2,42.875374,-78.82854549999999,14.72,-1.5,14206,2,0,0,1,1
531,2,43.007138499999996,-78.698691,42.879999999999995,-2.295,14051,2,0,0,1,1
530,2,42.976884,-78.82319849999999,22.240000000000002,-2.75,14223,2,0,0,1,1
529,2,42.981003,-78.870988,66.72,-0.985,14223,2,0,0,1,1
528,2,42.9247175,-78.8459515,61.44,-0.7649999999999999,14214,2,0,0,1,1
527,2,42.16124,-78.7431905,6.24,-4.14,14779,2,0,0,1,1
524,2,42.423891999999995,-79.0863725,15.68,-1.155,14062,2,0,0,1,1
522,2,42.9204555,-78.873438,47.36,-1.175,14222,2,0,0,1,1
517,2,42.7054845,-78.946114,25.44,-1.125,14085,2,0,0,1,1
552,2,42.974436999999995,-78.90956800000001,45.92,-1.875,14207,2,0,0,1,1
551,2,43.183896,-78.65681749999999,19.84,-0.485,14094,2,0,0,1,1
549,2,42.879148,-78.801338,12.64,-0.765,14206,2,0,0,1,1
548,2,42.4533195,-78.8308105,33.760000000000005,-1.625,14034,2,0,0,1,1
642,2,42.956498999999994,-78.700526,14.72,-3.595,14221,2,0,0,1,1
546,2,43.1550125,-78.51899499999999,14.559999999999999,-1.2650000000000001,14105,2,0,0,1,1
545,2,42.762108,-78.7650575,75.03999999999999,-3.0650000000000004,14127,0,2,0,1,1
544,2,42.340584,-78.6315705,29.6,-2.705,14171,2,0,0,1,1
542,2,42.9391315,-78.8085995,28.0,-1.17,14215,2,0,0,1,1
540,2,42.992312,-78.625163,13.440000000000001,0.13,14031,2,0,0,1,1
539,2,42.875074999999995,-78.80959849999999,5.44,0.75,14206,2,0,0,1,1
537,2,42.542582499999995,-78.663536,48.32,-2.14,14141,2,0,0,1,1
568,2,42.985764,-78.566949,17.92,-2.845,14001,2,0,0,1,1
567,2,42.956393,-78.69093050000001,28.479999999999997,-2.28,14221,2,0,0,1,1
566,2,43.0780955,-78.88932,21.6,-1.33,14120,2,0,0,1,1
565,2,43.235331,-78.7386745,28.16,-3.7649999999999997,14108,2,0,0,1,1
564,2,42.92663,-78.59305549999999,20.48,-1.8450000000000002,14086,2,0,0,1,1
563,2,42.409993,-78.53012,41.6,-1.095,14101,2,0,0,1,1
547,2,43.024570999999995,-78.73893749999999,21.439999999999998,-1.97,14068,2,0,0,1,1
473,2,42.99977749999999,-78.9030975,16.0,-2.5,14150,2,0,0,1,1
510,2,42.7151645,-78.66206650000001,20.0,-1.94,14170,2,0,0,1,1
509,2,43.239571999999995,-78.5573395,17.6,-0.405,14067,2,0,0,1,1
508,2,42.771438,-78.729447,50.879999999999995,-0.545,14127,2,0,0,1,1
507,2,43.0990895,-79.002036,42.72,-1.41,14304,2,0,0,1,1
505,2,42.804050000000004,-78.7138185,35.2,-1.33,14127,2,0,0,1,1
504,2,42.870690499999995,-78.7195545,11.04,-0.69,14227,2,0,0,1,1
503,2,42.06004,-79.21882,14.4,-2.1399999999999997,14701,2,0,0,1,1
502,2,42.628063499999996,-78.5581875,17.28,-0.8300000000000001,14080,2,0,0,1,1
501,2,42.983971,-78.97275450000001,2.4000000000000004,1.94,14072,2,0,0,1,1
499,2,42.993654,-78.88304149999999,31.04,-1.56,14217,2,0,0,1,1
497,2,42.8806055,-78.7733195,26.72,-2.03,14227,2,0,0,1,1
532,2,42.9937625,-78.718773,24.96,-0.675,14221,2,0,0,1,1
493,2,42.943939,-78.846577,36.32,-4.11,14214,2,0,0,1,1
515,2,43.1425365,-78.6970645,38.08,-2.03,14094,2,0,0,1,1
514,2,42.126986,-79.189055,20.96,-1.175,14733,2,0,0,1,1
513,2,42.986506,-78.6769745,18.240000000000002,-1.22,14221,2,0,0,1,1
512,2,43.037375,-78.8559505,19.200000000000003,-1.28,14120,2,0,0,1,1
77,2,42.978597,-78.7923255,41.44,-3.4850000000000003,14226,2,0,0,1,1
74,2,42.930652499999994,-78.754064,56.480000000000004,-0.7,14225,2,0,0,1,1
73,2,42.8829275,-78.7338755,18.88,-2.9699999999999998,14227,2,0,0,1,1
64,2,42.010040000000004,-78.816919,22.72,-1.925,14779,2,0,0,1,1
511,2,43.11641,-78.7688235,20.8,-1.33,14094,2,0,0,1,1
535,2,42.8652845,-78.8463495,65.75999999999999,-3.03,14210,2,0,0,1,1
534,2,42.9420235,-78.8871645,25.119999999999997,-0.735,14207,2,0,0,1,1
533,2,42.9009715,-78.86280249999999,47.68,-0.485,14203,2,0,0,1,1
494,2,42.8857385,-78.848895,31.68,-0.985,14206,2,0,0,1,1
611,2,43.1355025,-79.0313695,54.400000000000006,2.375,14109,0,2,0,1,1
608,2,43.135579,-79.04126099999999,38.56,-3.33,14109,2,0,0,1,1
605,2,42.892774,-78.6768485,24.8,-2.9349999999999996,14086,2,0,0,1,1
604,2,42.998237,-78.88265849999999,18.560000000000002,-0.61,14150,2,0,0,1,1
603,2,42.9365095,-78.707594,14.879999999999999,-0.625,14225,2,0,0,1,1
601,2,42.2900175,-78.71962099999999,42.56,0.455,14731,0,2,0,1,1
599,2,42.788225499999996,-78.776948,85.44,-1.4549999999999998,14127,0,2,0,1,1
639,2,42.9459105,-78.860642,15.84,-5.949999999999999,14216,2,0,0,1,1
633,2,42.843624,-78.8191285,38.879999999999995,-1.625,14220,2,0,0,1,1
631,2,42.838623999999996,-78.6968995,31.04,-2.05,14059,2,0,0,1,1
630,2,42.0999165,-78.7285105,19.52,-1.9500000000000002,14779,2,0,0,1,1
629,2,42.715656499999994,-78.82935599999999,14.56,-4.97,14075,2,0,0,1,1
560,2,42.8942975,-78.767218,81.91999999999999,-0.92,14227,0,2,0,1,1
626,2,42.954541,-78.732695,14.719999999999999,-0.625,14221,2,0,0,1,1
625,2,43.008874500000005,-78.760953,25.439999999999998,-2.0949999999999998,14221,2,0,0,1,1
623,2,43.09243549999999,-79.0088245,27.52,-2.83,14303,2,0,0,1,1
619,2,42.725207,-78.853083,16.32,-1.485,14075,2,0,0,1,1
655,2,42.9650115,-78.69065599999999,20.96,-2.6100000000000003,14221,2,0,0,1,1
654,2,42.860722499999994,-78.5375995,14.24,-0.19,14004,2,0,0,1,1
653,2,42.920169,-78.6456245,14.719999999999999,-2.0,14086,2,0,0,1,1
652,2,43.007701499999996,-78.7735415,32.16,-2.255,14221,2,0,0,1,1
651,2,42.914714000000004,-78.8917605,14.719999999999999,-0.7050000000000001,14213,2,0,0,1,1
650,2,42.437310499999995,-79.3338325,17.44,-0.27999999999999997,14063,0,2,0,1,1
648,2,42.919056,-78.7839615,14.399999999999999,-1.1400000000000001,14225,2,0,0,1,1
647,2,42.647971999999996,-78.5491505,14.24,-1.875,14080,2,0,0,1,1
646,2,42.239018,-79.1116625,25.92,-1.2349999999999999,14732,2,0,0,1,1
627,2,42.869783999999996,-78.57732899999999,4.16,3.17,14086,2,0,0,1,1
559,2,42.879324499999996,-78.708999,34.08,-3.045,14043,2,0,0,1,1
558,2,42.90388,-78.6138155,14.08,-0.46499999999999997,14086,2,0,0,1,1
557,2,43.1332075,-78.75628649999999,18.72,-1.825,14094,2,0,0,1,1
555,2,43.0814435,-79.059985,37.120000000000005,-3.125,14303,2,0,0,1,1
553,2,42.9935225,-78.7041265,12.8,-0.97,14221,2,0,0,1,1
579,2,42.961267,-78.6731835,7.04,-2.675,14221,2,0,0,1,1
578,2,43.1977275,-78.769588,12.639999999999999,-2.4400000000000004,14094,2,0,0,1,1
577,2,42.926773499999996,-78.88237050000001,8.0,-1.75,14213,2,0,0,1,1
576,2,42.458366,-79.31203450000001,53.44,-1.9349999999999998,14048,2,0,0,1,1
62,2,43.0939565,-78.866266,56.96,-1.455,14120,2,0,0,1,1
60,2,42.911566,-78.69872050000001,13.120000000000001,-0.69,14043,2,0,0,1,1
58,2,42.948895,-78.808896,26.08,-1.295,14215,2,0,0,1,1
617,2,42.915279,-78.8599485,39.04,-3.625,14209,2,0,0,1,1
49,2,42.981018500000005,-78.853801,57.44,0.81,14223,0,2,0,1,1
574,2,42.186229999999995,-78.5804865,34.72,-1.72,14741,2,0,0,1,1
573,2,42.9280505,-78.87207849999999,23.04,-4.0649999999999995,14209,2,0,0,1,1
598,2,42.775594,-78.7925195,16.64,-0.435,14127,2,0,0,1,1
595,2,42.9451305,-78.8784565,9.280000000000001,-0.12499999999999999,14207,2,0,0,1,1
594,2,42.9983625,-78.490443,26.08,-2.535,14001,2,0,0,1,1
592,2,43.040600999999995,-78.816092,9.92,-0.675,14228,2,0,0,1,1
591,2,42.789463999999995,-78.70031,20.0,-3.515,14127,2,0,0,1,1
588,2,42.937335,-78.8046475,25.12,-2.3449999999999998,14215,2,0,0,1,1
587,2,42.9613435,-78.836197,12.32,-2.375,14223,2,0,0,1,1
586,2,42.796668499999996,-78.6678735,13.44,-0.9550000000000001,14052,2,0,0,1,1
583,2,42.780317499999995,-78.781201,13.760000000000002,-0.595,14127,2,0,0,1,1
581,2,42.6587015,-78.8276015,18.4,-1.405,14057,2,0,0,1,1
54,2,42.8470095,-78.80503049999999,39.519999999999996,-0.875,14210,2,0,0,1,1
